ID,ID_N,NOME,CEG,UF,INIC_OPER,POT_KW,POT_FISC_K,ID_EMPREEN,FASE_USINA,lon,lat,SIGA_CEG_FROM_ID_EMPREENDIMENTO,SIGA_FROM_SIGEL_FIXED,ONS_LISTED,CLUSTER,TRACKER,COMMISSIONING
1_AC III,1,AC III,UFVRSMG037403-2-01,MG,1/7/2023,39496,39496,37403,Operação,-43.80889722,-15.36046944,UFV.RS.MG.037403-2.1,UFV.RS.MG.037403-2.01,UFV AC III,Conj. Sol do Cerrado,1,12/13/2022 0:00
2_AC IV,2,AC IV,UFVRSMG037404-0-01,MG,1/3/2023,39496,39496,37404,Operação,-43.79888611,-15.35932222,UFV.RS.MG.037404-0.1,UFV.RS.MG.037404-0.01,UFV AC IV,Conj. Sol do Cerrado,1,11/19/2022 0:00
3_AC IX,3,AC IX,UFVRSMG037550-0-01,MG,2/15/2023,29622,29622,37550,Operação,-43.78731389,-15.39205278,UFV.RS.MG.037550-0.1,UFV.RS.MG.037550-0.01,UFV AC IX,Conj. Sol do Cerrado,1,12/29/2022 0:00
4_AC V,4,AC V,UFVRSMG037390-7-01,MG,1/3/2023,39496,39496,37390,Operação,-43.79035278,-15.36376389,UFV.RS.MG.037390-7.1,UFV.RS.MG.037390-7.01,UFV AC V,Conj. Sol do Cerrado,1,11/1/2022 0:00
5_AC VI,5,AC VI,UFVRSMG037405-9-01,MG,1/3/2023,39496,39496,37405,Operação,-43.79499444,-15.36711667,UFV.RS.MG.037405-9.1,UFV.RS.MG.037405-9.01,UFV AC VI,Conj. Sol do Cerrado,1,11/1/2022 0:00
6_AC VII,6,AC VII,UFVRSMG037548-9-01,MG,1/3/2023,39496,39496,37548,Operação,-43.78785278,-15.37226667,UFV.RS.MG.037548-9.1,UFV.RS.MG.037548-9.01,UFV AC VII,Conj. Sol do Cerrado,1,10/20/2022 0:00
7_AC VIII,7,AC VIII,UFVRSMG037549-7-01,MG,1/3/2023,39496,39496,37549,Operação,-43.78592778,-15.38061389,UFV.RS.MG.037549-7.1,UFV.RS.MG.037549-7.01,UFV AC VIII,Conj. Sol do Cerrado,1,10/20/2022 0:00
8_AC X,8,AC X,UFVRSMG037551-9-01,MG,3/18/2023,39496,39496,37551,Operação,-43.80338056,-15.39651944,UFV.RS.MG.037551-9.1,UFV.RS.MG.037551-9.01,UFV AC X,Conj. Sol do Cerrado,1,2/14/2023 0:00
9_AC XIX,9,AC XIX,UFVRSMG037630-2-01,MG,6/13/2023,39496,39496,37630,Operação,-43.79130555,-15.40233055,UFV.RS.MG.037630-2.1,UFV.RS.MG.037630-2.01,UFV AC XIX,Conj. Sol do Cerrado,1,5/11/2023 0:00
10_AC XV,10,AC XV,UFVRSMG037626-4-01,MG,3/11/2023,49370,49370,37626,Operação,-43.83066111,-15.39809722,UFV.RS.MG.037626-4.1,UFV.RS.MG.037626-4.01,UFV AC XV,Conj. Sol do Cerrado,1,2/14/2023 0:00
11_AC XVI,11,AC XVI,UFVRSMG037627-2-01,MG,4/20/2023,39496,39496,37627,Operação,-43.80376944,-15.39641667,UFV.RS.MG.037627-2.1,UFV.RS.MG.037627-2.01,UFV AC XVI,Conj. Sol do Cerrado,1,3/8/2023 0:00
12_AC XVII,12,AC XVII,UFVRSMG037628-0-01,MG,6/6/2023,49370,49370,37628,Operação,-43.80489167,-15.40055833,UFV.RS.MG.037628-0.1,UFV.RS.MG.037628-0.01,UFV AC XVII,Conj. Sol do Cerrado,1,5/5/2023 0:00
13_AC XVIII,13,AC XVIII,UFVRSMG037629-9-01,MG,6/13/2023,39496,39496,37629,Operação,-43.79896667,-15.40711944,UFV.RS.MG.037629-9.1,UFV.RS.MG.037629-9.01,UFV AC XVIII,Conj. Sol do Cerrado,1,5/11/2023 0:00
14_AC XX,14,AC XX,UFVRSMG037631-0-01,MG,1/7/2023,39496,39496,37631,Operação,-43.81800833,-15.42549167,UFV.RS.MG.037631-0.1,UFV.RS.MG.037631-0.01,UFV AC XX,Conj. Sol do Cerrado,1,12/13/2022 0:00
15_AC XXI,15,AC XXI,UFVRSMG037632-9-01,MG,7/18/2023,39496,39496,37632,Operação,-43.80366912,-15.42923282,UFV.RS.MG.037632-9.1,UFV.RS.MG.037632-9.01,UFV AC XXI,Conj. Sol do Cerrado,1,6/22/2023 0:00
16_AC XXII,16,AC XXII,UFVRSMG037633-7-01,MG,1/3/2023,39496,39496,37633,Operação,-43.78612778,-15.39840278,UFV.RS.MG.037633-7.1,UFV.RS.MG.037633-7.01,UFV AC XXII,Conj. Sol do Cerrado,1,11/24/2022 0:00
17_AC XXIII,17,AC XXIII,UFVRSMG037634-5-01,MG,4/15/2023,39496,39496,37634,Operação,-43.78753333,-15.41365556,UFV.RS.MG.037634-5.1,UFV.RS.MG.037634-5.01,UFV AC XXIII,Conj. Sol do Cerrado,1,3/8/2023 0:00
18_Alex I,18,Alex I,UFVRSCE035699-9-01,CE,10/30/2021,30933,30933,35699,Operação,-37.96893889,-5.261875,UFV.RS.CE.035699-9.1,UFV.RS.CE.035699-9.01,UFV Alex I,Conj. Alex,1,8/17/2021 0:00
19_Alex III,19,Alex III,UFVRSCE035883-5-01,CE,10/30/2021,30933,30933,35883,Operação,-37.96888333,-5.246869445,UFV.RS.CE.035883-5.1,UFV.RS.CE.035883-5.01,UFV Alex III,Conj. Alex,1,8/17/2021 0:00
20_Alex IV,20,Alex IV,UFVRSCE035884-3-01,CE,10/30/2021,30933,30933,35884,Operação,-37.97305556,-5.260869444,UFV.RS.CE.035884-3.1,UFV.RS.CE.035884-3.01,UFV Alex IV,Conj. Alex,1,8/17/2021 0:00
21_Alex IX,21,Alex IX,UFVRSCE035863-0-01,CE,10/30/2021,30933,30933,35863,Operação,-37.97709167,-5.237911111,UFV.RS.CE.035863-0.1,UFV.RS.CE.035863-0.01,UFV Alex IX,Conj. Alex,1,8/17/2021 0:00
22_Alex V,22,Alex V,UFVRSCE035859-2-01,CE,10/30/2021,30933,30933,35859,Operação,-37.97250278,-5.245836111,UFV.RS.CE.035859-2.1,UFV.RS.CE.035859-2.01,UFV Alex V,Conj. Alex,1,8/17/2021 0:00
23_Alex VI,23,Alex VI,UFVRSCE035860-6-01,CE,10/30/2021,30933,30933,35860,Operação,-37.97752009,-5.258962664,UFV.RS.CE.035860-6.1,UFV.RS.CE.035860-6.01,UFV Alex VI,Conj. Alex,1,8/17/2021 0:00
24_Alex VII,24,Alex VII,UFVRSCE035861-4-01,CE,10/30/2021,30933,30933,35861,Operação,-37.97747222,-5.247308334,UFV.RS.CE.035861-4.1,UFV.RS.CE.035861-4.01,UFV Alex VII,Conj. Alex,1,8/17/2021 0:00
25_Alex VIII,25,Alex VIII,UFVRSCE035862-2-01,CE,10/30/2021,30933,30933,35862,Operação,-37.98144444,-5.256641667,UFV.RS.CE.035862-2.1,UFV.RS.CE.035862-2.01,UFV Alex VIII,Conj. Alex,1,9/4/2021 0:00
26_Alex X,26,Alex X,UFVRSCE035864-9-01,CE,10/30/2021,30933,30933,35864,Operação,-37.98328333,-5.235505555,UFV.RS.CE.035864-9.1,UFV.RS.CE.035864-9.01,UFV Alex X,Conj. Alex,1,8/17/2021 0:00
27_Apodi I,27,Apodi I,UFVRSCE033917-2-01,CE,11/28/2018,33000,33000,33917,Operação,-37.78653889,-5.041338893,UFV.RS.CE.033917-2.1,UFV.RS.CE.033917-2.01,UFV Apodi I,Conj. Calcário,1,11/10/2018 0:00
28_Apodi II,28,Apodi II,UFVRSCE033918-0-01,CE,11/28/2018,33000,33000,33918,Operação,-37.79,-5.052124999,UFV.RS.CE.033918-0.1,UFV.RS.CE.033918-0.01,UFV Apodi II,Conj. Calcário,1,11/10/2018 0:00
29_Apodi III,29,Apodi III,UFVRSCE033919-9-01,CE,11/28/2018,33000,33000,33919,Operação,-37.79287222,-5.044508335,UFV.RS.CE.033919-9.1,UFV.RS.CE.033919-9.01,UFV Apodi III,Conj. Calcário,1,11/10/2018 0:00
30_Apodi IV,30,Apodi IV,UFVRSCE033920-2-01,CE,11/28/2018,33000,33000,33920,Operação,-37.79717499,-5.044000004,UFV.RS.CE.033920-2.1,UFV.RS.CE.033920-2.01,UFV Apodi IV,Conj. Calcário,1,11/10/2018 0:00
31_Araxá 1,31,Araxá 1,UFVRSMG040851-4-01,MG,3/1/2023,45000,45000,40851,Operação,-47.04078333,-19.75731667,UFV.RS.MG.040851-4.1,UFV.RS.MG.040851-4.01,UFV Araxá 1,Conj. Araxá,1,1/31/2023 0:00
32_Araxá 2,32,Araxá 2,UFVRSMG040852-2-01,MG,2/28/2023,45000,45000.2,40852,Operação,-47.049075,-19.77404167,UFV.RS.MG.040852-2.1,UFV.RS.MG.040852-2.01,UFV Araxá 2,Conj. Araxá,1,1/31/2023 0:00
33_Assú V,33,Assú V,UFVRSRN034184-3-01,RN,12/23/2017,34000,34000,34184,Operação,-37.02639026,-5.546004295,UFV.RS.RN.034184-3.1,UFV.RS.RN.034184-3.01,UFV Assú V,Assú V,1,12/13/2017 0:00
34_BJL 11,34,BJL 11,UFVRSBA034153-3-01,BA,5/12/2018,20000,20000,34153,Operação,-43.35719176,-13.32717157,UFV.RS.BA.034153-3.1,UFV.RS.BA.034153-3.01,UFV BJL 11,Conj. BJL,0,1/12/2018 0:00
35_BJL 4,35,BJL 4,UFVRSBA034158-4-01,BA,12/7/2018,20000,20000,34158,Operação,-43.34286701,-13.32076646,UFV.RS.BA.034158-4.1,UFV.RS.BA.034158-4.01,UFV BJL 4,Conj. BJL,0,10/24/2018 0:00
36_Belmonte 1-1,36,Belmonte 1-1,UFVRSPE040725-9-01,PE,12/5/2023,50000,50000,40725,Operação,-38.8278175,-7.855856944,UFV.RS.PE.040725-9.1,UFV.RS.PE.040725-9.01,UFV Belmonte 1-1,Conj. Belmonte,1,7/26/2023 0:00
37_Belmonte 1-2,37,Belmonte 1-2,UFVRSPE040726-7-01,PE,12/5/2023,50000,50000,40726,Operação,-38.81279389,-7.859376944,UFV.RS.PE.040726-7.1,UFV.RS.PE.040726-7.01,UFV Belmonte 1-2,Conj. Belmonte,1,7/26/2023 0:00
38_Belmonte 1-3,38,Belmonte 1-3,UFVRSPE040727-5-01,PE,12/5/2023,50000,50000,40727,Operação,-38.83224111,-7.863598889,UFV.RS.PE.040727-5.1,UFV.RS.PE.040727-5.01,UFV Belmonte 1-3,Conj. Belmonte,1,7/26/2023 0:00
39_Belmonte 1-4,39,Belmonte 1-4,UFVRSPE040728-3-01,PE,12/5/2023,5000,5001,40728,Operação,-38.82228028,-7.864815,UFV.RS.PE.040728-3.1,UFV.RS.PE.040728-3.01,UFV Belmonte 1-4,Conj. Belmonte,1,7/26/2023 0:00
40_Belmonte 2-1,40,Belmonte 2-1,UFVRSPE040735-6-01,PE,10/25/2023,50000,50000,40735,Operação,-38.83301944,-7.84431111,UFV.RS.PE.040735-6.1,UFV.RS.PE.040735-6.01,UFV Belmonte 2-1,Conj. Belmonte,1,7/26/2023 0:00
41_Belmonte 2-2,41,Belmonte 2-2,UFVRSPE040736-4-01,PE,10/25/2023,50000,50000,40736,Operação,-38.84537777,-7.85595279,UFV.RS.PE.040736-4.1,UFV.RS.PE.040736-4.01,UFV Belmonte 2-2,Conj. Belmonte,1,7/25/2023 0:00
42_Belmonte 2-3,42,Belmonte 2-3,UFVRSPE040737-2-01,PE,10/26/2023,50000,50000,40737,Operação,-38.83797778,-7.851744442,UFV.RS.PE.040737-2.1,UFV.RS.PE.040737-2.01,UFV Belmonte 2-3,Conj. Belmonte,1,7/26/2023 0:00
43_Belmonte 2-4,43,Belmonte 2-4,UFVRSPE040738-0-01,PE,11/18/2023,50000,50000,40738,Operação,-38.81721389,-7.851622223,UFV.RS.PE.040738-0.1,UFV.RS.PE.040738-0.01,UFV Belmonte 2-4,Conj. Belmonte,1,7/26/2023 0:00
44_Belmonte 2-5,44,Belmonte 2-5,UFVRSPE040739-9-01,PE,11/22/2023,50000,50000,40739,Operação,-38.84473056,-7.863775002,UFV.RS.PE.040739-9.1,UFV.RS.PE.040739-9.01,UFV Belmonte 2-5,Conj. Belmonte,1,7/26/2023 0:00
45_Belmonte 2-6,45,Belmonte 2-6,UFVRSPE043267-9-01,PE,11/9/2023,50000,50000,43267,Operação,-38.84341389,-7.875686108,UFV.RS.PE.043267-9.1,UFV.RS.PE.043267-9.01,UFV Belmonte 2-6,Conj. Belmonte,1,7/26/2023 0:00
46_Boa Hora 1,46,Boa Hora 1,UFVRSSP034161-4-02,SP,8/14/2019,23040,23040,34161,Operação,-50.3905,-19.873,UFV.RS.SP.034161-4.2,UFV.RS.SP.034161-4.02,UFV Boa Hora 1,Conj. Boa Hora,0,3/9/2019 0:00
47_Boa Hora 2,47,Boa Hora 2,UFVRSSP034162-2-02,SP,8/14/2019,23040,23040,34162,Operação,-50.39708404,-19.88467353,UFV.RS.SP.034162-2.2,UFV.RS.SP.034162-2.02,UFV Boa Hora 2,Conj. Boa Hora,0,3/9/2019 0:00
48_Boa Hora 3,48,Boa Hora 3,UFVRSSP034163-0-02,SP,8/14/2019,23040,23040,34163,Operação,-50.39462758,-19.88110601,UFV.RS.SP.034163-0.2,UFV.RS.SP.034163-0.02,UFV Boa Hora 3,Conj. Boa Hora,0,3/9/2019 0:00
49_Boa Sorte 1,49,Boa Sorte 1,UFVRSMG049183-7-01,MG,3/7/2024,44100,44100,49183,Operação,-47.28171389,-17.15153056,UFV.RS.MG.049183-7.1,UFV.RS.MG.049183-7.01,UFV Boa Sorte 1,Conjunto Fotovoltaico Boa Sorte,1,1/11/2024 0:00
50_Boa Sorte 2,50,Boa Sorte 2,UFVRSMG049185-3-01,MG,2/27/2024,44100,44100,49185,Operação,-47.28671111,-17.15929722,UFV.RS.MG.049185-3.1,UFV.RS.MG.049185-3.01,UFV Boa Sorte 2,Conjunto Fotovoltaico Boa Sorte,1,1/11/2024 0:00
51_Boa Sorte 3,51,Boa Sorte 3,UFVRSMG049186-1-01,MG,3/7/2024,44100,44100,49186,Operação,-47.29238889,-17.16630278,UFV.RS.MG.049186-1.1,UFV.RS.MG.049186-1.01,UFV Boa Sorte 3,Conjunto Fotovoltaico Boa Sorte,1,1/11/2024 0:00
52_Boa Sorte 4,52,Boa Sorte 4,UFVRSMG049187-0-01,MG,3/23/2024,44100,44100,49187,Operação,-46.60356111,-17.19708611,UFV.RS.MG.049187-0.1,UFV.RS.MG.049187-0.01,UFV Boa Sorte 4,Conjunto Fotovoltaico Boa Sorte,1,2/9/2024 0:00
53_Boa Sorte 5,53,Boa Sorte 5,UFVRSMG049188-8-01,MG,3/1/2024,44100,44100,49188,Operação,-47.2985,-17.1853,UFV.RS.MG.049188-8.1,UFV.RS.MG.049188-8.01,UFV Boa Sorte 5,Conjunto Fotovoltaico Boa Sorte,1,1/11/2024 0:00
54_Boa Sorte 6,54,Boa Sorte 6,UFVRSMG049189-6-01,MG,3/7/2024,44100,44100,49189,Operação,-47.28638889,-17.17777778,UFV.RS.MG.049189-6.1,UFV.RS.MG.049189-6.01,UFV Boa Sorte 6,Conjunto Fotovoltaico Boa Sorte,1,2/2/2024 0:00
55_Boa Sorte 7,55,Boa Sorte 7,UFVRSMG049190-0-01,MG,3/13/2024,44100,44100,49190,Operação,-47.285475,-17.18430833,UFV.RS.MG.049190-0.1,UFV.RS.MG.049190-0.01,UFV Boa Sorte 7,Conjunto Fotovoltaico Boa Sorte,1,2/9/2024 0:00
56_Boa Sorte 8,56,Boa Sorte 8,UFVRSMG049191-8-01,MG,3/16/2024,44100,44100,49191,Operação,-46.64376667,-17.19586389,UFV.RS.MG.049191-8.1,UFV.RS.MG.049191-8.01,UFV Boa Sorte 8,Conjunto Fotovoltaico Boa Sorte,1,2/9/2024 0:00
57_Bom Jesus da Lapa I,57,Bom Jesus da Lapa I,UFVRSBA032892-8-01,BA,6/30/2017,30000,30000,32892,Operação,-43.32352929,-13.30021076,UFV.RS.BA.032892-8.1,UFV.RS.BA.032892-8.01,UFV Bom Jesus da Lapa I,Conj. Bom Jesus,1,4/18/2017 0:00
58_Bom Jesus da Lapa II,58,Bom Jesus da Lapa II,UFVRSBA032893-6-01,BA,6/30/2017,30000,30000,32893,Operação,-43.3241291,-13.29780661,UFV.RS.BA.032893-6.1,UFV.RS.BA.032893-6.01,UFV Bom Jesus da Lapa II,Conj. Bom Jesus,1,4/18/2017 0:00
59_Bom Nome 1-5,59,Bom Nome 1-5,UFVRSPE042927-9-01,PE,2/3/2022,50000,50000,42927,Operação,-38.69473179,-7.884,UFV.RS.PE.042927-9.1,UFV.RS.PE.042927-9.01,UFV Bom Nome 1-5,Conj. Brígida,1,12/31/2021 0:00
60_Bom Nome 1-6,60,Bom Nome 1-6,UFVRSPE042928-7-01,PE,2/3/2022,50000,50000,42928,Operação,-38.70541389,-7.885322222,UFV.RS.PE.042928-7.1,UFV.RS.PE.042928-7.01,UFV Bom Nome 1-6,Conj. Brígida,1,12/31/2021 0:00
61_Brígida,61,Brígida,UFVRSPE034169-0-01,PE,6/26/2021,31500,31500,34169,Operação,-38.69644722,-7.893361111,UFV.RS.PE.034169-0.1,UFV.RS.PE.034169-0.01,UFV Brígida,Conj. Brígida,1,4/24/2021 0:00
62_Brígida 2,62,Brígida 2,UFVRSPE034234-3-01,PE,6/26/2021,31500,31500,34234,Operação,-38.70325013,-7.898005582,UFV.RS.PE.034234-3.1,UFV.RS.PE.034234-3.01,UFV Brigida 2,Conj. Brígida,1,5/5/2021 0:00
63_Caldeirão Grande I (Antiga São Basílio),63,Caldeirão Grande I (Antiga São Basílio),UFVRSPI031689-0-02,PI,2/1/2023,30933,30933,31689,Operação,-40.5835664,-7.394981,UFV.RS.PI.031689-0.2,UFV.RS.PI.031689-0.02,UFV Caldeirão Grande I,Conj. São Basílio (Solar),1,11/22/2022 0:00
64_Caldeirão Grande II (Antiga Santo Anastácio),64,Caldeirão Grande II (Antiga Santo Anastácio),UFVRSPI031690-3-02,PI,2/1/2023,30933,30933,31690,Operação,-40.59609,-7.403997,UFV.RS.PI.031690-3.2,UFV.RS.PI.031690-3.02,UFV Caldeirão Grande II,Conj. São Basílio (Solar),1,12/9/2022 0:00
65_Caldeirão Grande III (Antiga Santa Veridiana),65,Caldeirão Grande III (Antiga Santa Veridiana),UFVRSPI031685-7-02,PI,2/1/2023,30933,30933,31685,Operação,-40.5547,-7.346326,UFV.RS.PI.031685-7.2,UFV.RS.PI.031685-7.02,UFV Caldeirão Grande III,Conj. São Basílio (Solar),1,1/17/2023 0:00
66_Caldeirão Grande IV (Antiga Santo Amaro do Piauí),66,Caldeirão Grande IV (Antiga Santo Amaro do Piauí),UFVRSPI031691-1-02,PI,2/1/2023,27496,27496,31691,Operação,-40.563702,-7.37912,UFV.RS.PI.031691-1.2,UFV.RS.PI.031691-1.02,UFV Caldeirão Grande IV,Conj. São Basílio (Solar),1,2/1/2023 0:00
67_Caldeirão Grande V (Antiga São Felix),67,Caldeirão Grande V (Antiga São Felix),UFVRSPI031688-1-02,PI,2/1/2023,27496,27496,31688,Operação,-40.549022,-7.372831,UFV.RS.PI.031688-1.2,UFV.RS.PI.031688-1.02,UFV Caldeirão Grande V,Conj. São Basílio (Solar),1,10/21/2022 0:00
68_Caldeirão Grande VI (Antiga Santa Verônica),68,Caldeirão Grande VI (Antiga Santa Verônica),UFVRSPI031686-5-02,PI,2/1/2023,30933,30933,31686,Operação,-40.572205,-7.332665,UFV.RS.PI.031686-5.2,UFV.RS.PI.031686-5.02,UFV Caldeirão Grande VI,Conj. São Basílio (Solar),1,10/14/2022 0:00
69_Caldeirão Grande VII (Antiga São Moises),69,Caldeirão Grande VII (Antiga São Moises),UFVRSPI031687-3-02,PI,2/1/2023,34370,34370,31687,Operação,-40.541405,-7.346787,UFV.RS.PI.031687-3.2,UFV.RS.PI.031687-3.02,UFV Caldeirão Grande VII,Conj. São Basílio (Solar),1,10/22/2022 0:00
70_Castilho 1,70,Castilho 1,UFVRSSP034108-8-01,SP,12/29/2022,49999.32,49999.32,34108,Operação,-51.52874166,-20.80000555,UFV.RS.SP.034108-8.1,UFV.RS.SP.034108-8.01,UFV Castilho 1,Conj. Castilho,1,12/15/2022 0:00
71_Castilho 2,71,Castilho 2,UFVRSSP034112-6-01,SP,12/29/2022,4999.92,4999.92,34112,Operação,-51.52939222,-20.80781111,UFV.RS.SP.034112-6.1,UFV.RS.SP.034112-6.01,UFV Castilho 2,Conj. Castilho,1,12/15/2022 0:00
72_Castilho 3,72,Castilho 3,UFVRSSP034110-0-01,SP,12/31/2022,49999.32,49999.32,34110,Operação,-51.52710555,-20.77671666,UFV.RS.SP.034110-0.1,UFV.RS.SP.034110-0.01,UFV Castilho 3,Conj. Castilho,1,12/15/2022 0:00
73_Castilho 4,73,Castilho 4,UFVRSSP034111-8-01,SP,12/31/2022,49999.32,49999.32,34111,Operação,-51.51658055,-20.78123056,UFV.RS.SP.034111-8.1,UFV.RS.SP.034111-8.01,UFV Castilho 4,Conj. Castilho,1,12/15/2022 0:00
74_Castilho 5,74,Castilho 5,UFVRSSP034109-6-01,SP,12/31/2022,49999.32,49999.32,34109,Operação,-51.51476388,-20.78925833,UFV.RS.SP.034109-6.1,UFV.RS.SP.034109-6.01,UFV Castilho 5,Conj. Castilho,1,12/15/2022 0:00
75_Ciranda 2,75,Ciranda 2,UFVRSPE037466-0-01,PE,8/9/2023,49499.6,49499.6,37466,Operação,-38.62964444,-7.953886113,UFV.RS.PE.037466-0.1,UFV.RS.PE.037466-0.01,UFV Ciranda 2,Conj. Ciranda,1,7/5/2023 0:00
76_Ciranda 3,76,Ciranda 3,UFVRSPE037516-0-01,PE,8/16/2023,49500,49499.6,37516,Operação,-38.62284722,-7.947413891,UFV.RS.PE.037516-0.1,UFV.RS.PE.037516-0.01,UFV Ciranda 3,Conj. Ciranda,1,7/5/2023 0:00
77_Coremas I,77,Coremas I,UFVRSPB032311-0-01,PB,2/1/2019,27000,27000,32311,Operação,-37.9977973,-6.956731759,UFV.RS.PB.032311-0.1,UFV.RS.PB.032311-0.01,UFV Coremas I,Conj. Rio Alto,0,10/2/2018 0:00
78_Coremas II,78,Coremas II,UFVRSPB032926-6-01,PB,10/16/2018,27000,27000,32926,Operação,-38.00186638,-6.962953894,UFV.RS.PB.032926-6.1,UFV.RS.PB.032926-6.01,UFV Coremas II,Conj. Rio Alto,0,5/19/2018 0:00
79_Coremas III,79,Coremas III,UFVRSPB032544-9-01,PB,11/17/2020,27000,27000,32544,Operação,-37.99384389,-6.9472175,UFV.RS.PB.032544-9.1,UFV.RS.PB.032544-9.01,UFV Coremas III,Conj. Rio Alto,0,8/21/2020 0:00
80_Coremas IV,80,Coremas IV,UFVRSPB032843-0-01,PB,9/2/2022,27000,27000,32843,Operação,-37.98965195,-6.95712028,UFV.RS.PB.032843-0.1,UFV.RS.PB.032843-0.01,UFV Coremas IV,Conj. Rio Alto,1,5/20/2022 0:00
81_Coremas V,81,Coremas V,UFVRSPB032888-0-01,PB,8/24/2022,27000,27000,32888,Operação,-37.99598027,-6.952287222,UFV.RS.PB.032888-0.1,UFV.RS.PB.032888-0.01,UFV Coremas V,Conj. Rio Alto,1,3/30/2022 0:00
82_Coremas VI,82,Coremas VI,UFVRSPB032865-0-01,PB,9/9/2022,27000,27000,32865,Operação,-37.98305888,-6.949473616,UFV.RS.PB.032865-0.1,UFV.RS.PB.032865-0.01,UFV Coremas VI,Conj. Rio Alto,1,6/25/2022 0:00
83_Coremas VII,83,Coremas VII,UFVRSPB032882-0-01,PB,5/26/2022,27000,27000,32882,Operação,-37.99598667,-6.948082497,UFV.RS.PB.032882-0.1,UFV.RS.PB.032882-0.01,UFV Coremas VII,Conj. Rio Alto,1,2/26/2022 0:00
84_Coremas VIII,84,Coremas VIII,UFVRSPB037916-6-01,PB,8/30/2022,27000,27000,37916,Operação,-38.00240611,-6.94981222,UFV.RS.PB.037916-6.1,UFV.RS.PB.037916-6.01,UFV Coremas VIII,Conj. Rio Alto,1,6/24/2022 0:00
85_Dracena 1,85,Dracena 1,UFVRSSP032312-8-01,SP,8/24/2019,27000,27000,32312,Operação,-51.59167583,-21.46620444,UFV.RS.SP.032312-8.1,UFV.RS.SP.032312-8.01,UFV Dracena 1,Conj. Dracena,0,7/6/2019 0:00
86_Dracena 2,86,Dracena 2,UFVRSSP032313-6-01,SP,8/24/2019,27000,27000,32313,Operação,-51.58972027,-21.45992306,UFV.RS.SP.032313-6.1,UFV.RS.SP.032313-6.01,UFV Dracena 2,Conj. Dracena,0,7/6/2019 0:00
87_Dracena 4,87,Dracena 4,UFVRSSP032315-2-01,SP,8/24/2019,27000,27000,32315,Operação,-51.5870011,-21.45091584,UFV.RS.SP.032315-2.1,UFV.RS.SP.032315-2.01,UFV Dracena 4,Conj. Dracena,0,7/6/2019 0:00
88_ETESA 17 - São João do Piauí I,88,ETESA 17 - São João do Piauí I,UFVRSPI034785-0-01,PI,4/15/2020,32164,32164,34785,Operação,-42.16353972,-8.278535833,UFV.RS.PI.034785-0.1,UFV.RS.PI.034785-0.01,UFV ETESA 17 São João do Piauí I,Conj. FV SJP,1,2/13/2020 0:00
89_ETESA 18 - São João do Piauí II,89,ETESA 18 - São João do Piauí II,UFVRSPI034786-8-01,PI,4/15/2020,32164,32164,34786,Operação,-42.15216361,-8.280108056,UFV.RS.PI.034786-8.1,UFV.RS.PI.034786-8.01,UFV ETESA 18 São João do Piauí II,Conj. FV SJP,1,2/14/2020 0:00
90_ETESA 19 - São João do Piauí III,90,ETESA 19 - São João do Piauí III,UFVRSPI034787-6-01,PI,4/15/2020,32164,32164,34787,Operação,-42.15543889,-8.268612222,UFV.RS.PI.034787-6.1,UFV.RS.PI.034787-6.01,UFV ETESA 19 São João do Piauí III,Conj. FV SJP,1,2/13/2020 0:00
91_ETESA 20 - São João do Piauí IV,91,ETESA 20 - São João do Piauí IV,UFVRSPI034788-4-01,PI,4/15/2020,28840,28840,34788,Operação,-42.14281139,-8.266435,UFV.RS.PI.034788-4.1,UFV.RS.PI.034788-4.01,UFV ETESA 20 São João do Piauí IV,Conj. FV SJP,1,2/12/2020 0:00
92_ETESA 21 São João do Piauí V,92,ETESA 21 São João do Piauí V,UFVRSPI034789-2-01,PI,4/14/2020,28840,28840,34789,Operação,-42.14342389,-8.273305833,UFV.RS.PI.034789-2.1,UFV.RS.PI.034789-2.01,UFV ETESA 21 São João do Piauí V,Conj. FV SJP,1,2/13/2020 0:00
93_ETESA 22 - São João do Piauí VI,93,ETESA 22 - São João do Piauí VI,UFVRSPI034790-6-01,PI,4/15/2020,31878,31878,34790,Operação,-42.13752361,-8.280265278,UFV.RS.PI.034790-6.1,UFV.RS.PI.034790-6.01,UFV ETESA 22 São João do Piauí VI,Conj. FV SJP,1,2/13/2020 0:00
94_Floresta I,94,Floresta I,UFVRSRN034310-2-01,RN,12/23/2017,32000,32000,34310,Operação,-36.9105004,-4.964266056,UFV.RS.RN.034310-2.1,UFV.RS.RN.034310-2.01,UFV Floresta I,Conj. Floresta,1,11/8/2017 0:00
95_Floresta II,95,Floresta II,UFVRSRN034309-9-01,RN,12/23/2017,32000,32000,34309,Operação,-36.90669327,-4.961601059,UFV.RS.RN.034309-9.1,UFV.RS.RN.034309-9.01,UFV Floresta II,Conj. Floresta,1,11/8/2017 0:00
96_Floresta III,96,Floresta III,UFVRSRN033569-0-01,RN,12/23/2017,22000,22000,33569,Operação,-36.90518017,-4.975871832,UFV.RS.RN.033569-0.1,UFV.RS.RN.033569-0.01,UFV Floresta III,Conj. Floresta,1,11/18/2017 0:00
97_Francisco Sá 1,97,Francisco Sá 1,UFVRSMG033236-4-01,MG,4/7/2022,33000,33000,33236,Operação,-43.66698612,-16.30956393,UFV.RS.MG.033236-4.1,UFV.RS.MG.033236-4.01,UFV Francisco Sá 1,Conj. Francisco Sá,1,2/17/2022 0:00
98_Francisco Sá 2,98,Francisco Sá 2,UFVRSMG033237-2-01,MG,4/7/2022,33000,33000,33237,Operação,-43.66539444,-16.30225278,UFV.RS.MG.033237-2.1,UFV.RS.MG.033237-2.01,UFV Francisco Sá 2,Conj. Francisco Sá,1,2/17/2022 0:00
99_Francisco Sá 3,99,Francisco Sá 3,UFVRSMG033238-0-01,MG,4/7/2022,33000,33000,33238,Operação,-43.66339722,-16.29757221,UFV.RS.MG.033238-0.1,UFV.RS.MG.033238-0.01,UFV Francisco Sá 3,Conj. Francisco Sá,1,2/17/2022 0:00
100_Futura 1,100,Futura 1,UFVRSBA037479-2-01,BA,5/24/2023,31474.8,31474.8,37479,Operação,-40.67818611,-9.659177778,UFV.RS.BA.037479-2.1,UFV.RS.BA.037479-2.01,UFV Futura 1,Conj. Futura,1,4/5/2023 0:00
101_Futura 10,101,Futura 10,UFVRSBA037488-1-01,BA,5/26/2023,31474.8,31474.8,37488,Operação,-40.67313611,-9.692186107,UFV.RS.BA.037488-1.1,UFV.RS.BA.037488-1.01,UFV Futura 10,Conj. Futura,1,4/5/2023 0:00
102_Futura 11,102,Futura 11,UFVRSBA037489-0-01,BA,5/26/2023,31474.8,31474.8,37489,Operação,-40.66480278,-9.694983333,UFV.RS.BA.037489-0.1,UFV.RS.BA.037489-0.01,UFV Futura 11,Conj. Futura,1,4/5/2023 0:00
103_Futura 12,103,Futura 12,UFVRSBA037490-3-01,BA,5/26/2023,31474.8,31474.8,37490,Operação,-40.67128334,-9.698541664,UFV.RS.BA.037490-3.1,UFV.RS.BA.037490-3.01,UFV Futura 12,Conj. Futura,1,4/5/2023 0:00
104_Futura 13,104,Futura 13,UFVRSBA037491-1-01,BA,5/26/2023,31474.8,31474.8,37491,Operação,-40.67130833,-9.702141671,UFV.RS.BA.037491-1.1,UFV.RS.BA.037491-1.01,UFV Futura 13,Conj. Futura,1,4/5/2023 0:00
105_Futura 14,105,Futura 14,UFVRSBA037492-0-01,BA,5/26/2023,31474.8,31474.8,37492,Operação,-40.68939444,-9.667125003,UFV.RS.BA.037492-0.1,UFV.RS.BA.037492-0.01,UFV Futura 14,Conj. Futura,1,4/5/2023 0:00
106_Futura 15,106,Futura 15,UFVRSBA037493-8-01,BA,5/26/2023,31474.8,31474.8,37493,Operação,-40.68725555,-9.672750003,UFV.RS.BA.037493-8.1,UFV.RS.BA.037493-8.01,UFV Futura 15,Conj. Futura,1,4/5/2023 0:00
107_Futura 16,107,Futura 16,UFVRSBA037494-6-01,BA,5/26/2023,31474.8,31474.8,37494,Operação,-40.68988611,-9.675919445,UFV.RS.BA.037494-6.1,UFV.RS.BA.037494-6.01,UFV Futura 16,Conj. Futura,1,4/5/2023 0:00
108_Futura 17,108,Futura 17,UFVRSBA037495-4-01,BA,5/26/2023,31474.8,31474.8,37495,Operação,-40.68825556,-9.679516668,UFV.RS.BA.037495-4.1,UFV.RS.BA.037495-4.01,UFV Futura 17,Conj. Futura,1,4/5/2023 0:00
109_Futura 18,109,Futura 18,UFVRSBA037496-2-01,BA,5/24/2023,31474.8,31474.8,37496,Operação,-40.69105833,-9.682758331,UFV.RS.BA.037496-2.1,UFV.RS.BA.037496-2.01,UFV Futura 18,Conj. Futura,1,4/5/2023 0:00
110_Futura 19,110,Futura 19,UFVRSBA037497-0-01,BA,5/24/2023,31474.8,31474.8,37497,Operação,-40.68780833,-9.68664445,UFV.RS.BA.037497-0.1,UFV.RS.BA.037497-0.01,UFV Futura 19,Conj. Futura,1,4/5/2023 0:00
111_Futura 2,111,Futura 2,UFVRSBA037480-6-01,BA,5/24/2023,31474.8,31474.8,37480,Operação,-40.67706389,-9.662783332,UFV.RS.BA.037480-6.1,UFV.RS.BA.037480-6.01,UFV Futura 2,Conj. Futura,1,4/5/2023 0:00
112_Futura 20,112,Futura 20,UFVRSBA037498-9-01,BA,5/26/2023,31474.8,31474.8,37498,Operação,-40.68632222,-9.690258339,UFV.RS.BA.037498-9.1,UFV.RS.BA.037498-9.01,UFV Futura 20,Conj. Futura,1,4/5/2023 0:00
113_Futura 21,113,Futura 21,UFVRSBA037499-7-01,BA,5/26/2023,31474.8,31474.8,37499,Operação,-40.69137778,-9.693686108,UFV.RS.BA.037499-7.1,UFV.RS.BA.037499-7.01,UFV Futura 21,Conj. Futura,1,4/5/2023 0:00
114_Futura 22,114,Futura 22,UFVRSBA037500-4-01,BA,5/26/2023,31474.8,31474.8,37500,Operação,-40.68286111,-9.695852775,UFV.RS.BA.037500-4.1,UFV.RS.BA.037500-4.01,UFV Futura 22,Conj. Futura,1,4/5/2023 0:00
115_Futura 3,115,Futura 3,UFVRSBA037481-4-01,BA,5/26/2023,31474.8,31474.8,37481,Operação,-40.67576389,-9.668791664,UFV.RS.BA.037481-4.1,UFV.RS.BA.037481-4.01,UFV Futura 3,Conj. Futura,1,4/5/2023 0:00
116_Futura 4,116,Futura 4,UFVRSBA037482-2-01,BA,5/26/2023,31474.8,31474.8,37482,Operação,-40.67577222,-9.674405557,UFV.RS.BA.037482-2.1,UFV.RS.BA.037482-2.01,UFV Futura 4,Conj. Futura,1,4/5/2023 0:00
117_Futura 5,117,Futura 5,UFVRSBA037483-0-01,BA,5/26/2023,31474.8,31474.8,37483,Operação,-40.67469167,-9.680208335,UFV.RS.BA.037483-0.1,UFV.RS.BA.037483-0.01,UFV Futura 5,Conj. Futura,1,4/5/2023 0:00
118_Futura 6,118,Futura 6,UFVRSBA037484-9-01,BA,5/26/2023,31474.8,31474.8,37484,Operação,-40.67313888,-9.686986114,UFV.RS.BA.037484-9.1,UFV.RS.BA.037484-9.01,UFV Futura 6,Conj. Futura,1,4/5/2023 0:00
119_Futura 7,119,Futura 7,UFVRSBA037485-7-01,BA,5/24/2023,31474.8,31474.8,37485,Operação,-40.66079166,-9.681249997,UFV.RS.BA.037485-7.1,UFV.RS.BA.037485-7.01,UFV Futura 7,Conj. Futura,1,4/5/2023 0:00
120_Futura 8,120,Futura 8,UFVRSBA037486-5-01,BA,5/26/2023,31474.8,31474.8,37486,Operação,-40.66440833,-9.686602777,UFV.RS.BA.037486-5.1,UFV.RS.BA.037486-5.01,UFV Futura 8,Conj. Futura,1,4/5/2023 0:00
121_Futura 9,121,Futura 9,UFVRSBA037487-3-01,BA,5/24/2023,31474.8,31474.8,37487,Operação,-40.66224166,-9.691052774,UFV.RS.BA.037487-3.1,UFV.RS.BA.037487-3.01,UFV Futura 9,Conj. Futura,1,4/5/2023 0:00
122_Guaimbé 1,122,Guaimbé 1,UFVRSSP032326-8-01,SP,3/13/2018,30000,30000,32326,Operação,-49.86962555,-21.88569028,UFV.RS.SP.032326-8.1,UFV.RS.SP.032326-8.01,UFV Guaimbé 1,Conj. Guaimbê,0,2/9/2018 0:00
123_Guaimbé 2,123,Guaimbé 2,UFVRSSP032327-6-01,SP,2/6/2018,30000,30000,32327,Operação,-49.87285667,-21.88835028,UFV.RS.SP.032327-6.1,UFV.RS.SP.032327-6.01,UFV Guaimbé 2,Conj. Guaimbê,0,1/6/2018 0:00
124_Guaimbé 3,124,Guaimbé 3,UFVRSSP032328-4-01,SP,10/3/2018,30000,30000,32328,Operação,-49.87603972,-21.89097361,UFV.RS.SP.032328-4.1,UFV.RS.SP.032328-4.01,UFV Guaimbé 3,Conj. Guaimbê,0,4/21/2018 0:00
125_Guaimbé 4,125,Guaimbé 4,UFVRSSP032329-2-01,SP,4/26/2018,30000,30000,32329,Operação,-49.86186972,-21.8933875,UFV.RS.SP.032329-2.1,UFV.RS.SP.032329-2.01,UFV Guaimbé 4,Conj. Guaimbê,0,3/17/2018 0:00
126_Guaimbé 5,126,Guaimbé 5,UFVRSSP032330-6-01,SP,4/13/2018,30000,30000,32330,Operação,-49.86866639,-21.89805944,UFV.RS.SP.032330-6.1,UFV.RS.SP.032330-6.01,UFV Guaimbé 5,Conj. Guaimbê,0,2/21/2018 0:00
127_Horizonte MP 1,127,Horizonte MP 1,UFVRSBA033757-9-01,BA,3/17/2018,29400,28700,33757,Operação,-44.08514302,-12.60903827,UFV.RS.BA.033757-9.1,UFV.RS.BA.033757-9.01,UFV Horizonte MP 1,Conj. Horizonte,1,1/31/2018 0:00
128_Horizonte MP 11,128,Horizonte MP 11,UFVRSBA033777-3-01,BA,3/17/2018,21000,20000,33777,Operação,-44.08480598,-12.63943181,UFV.RS.BA.033777-3.1,UFV.RS.BA.033777-3.01,UFV Horizonte MP 11,Conj. Horizonte,1,1/31/2018 0:00
129_Horizonte MP 2,129,Horizonte MP 2,UFVRSBA033759-5-01,BA,3/15/2018,29400,28700,33759,Operação,-44.08961868,-12.61406454,UFV.RS.BA.033759-5.1,UFV.RS.BA.033759-5.01,UFV Horizonte MP 2,Conj. Horizonte,1,1/31/2018 0:00
130_Hélio Valgas 3,130,Hélio Valgas 3,UFVRSMG042993-7-01,MG,8/19/2023,50000,50000,42993,Operação,-44.62861944,-17.54585278,UFV.RS.MG.042993-7.1,UFV.RS.MG.042993-7.01,UFV Hélio Valgas 3,Conj. Helio Valgas,1,7/8/2023 0:00
131_Hélio Valgas 5,131,Hélio Valgas 5,UFVRSMG042995-3-01,MG,7/11/2023,50000,50000,42995,Operação,-44.78419167,-17.51728333,UFV.RS.MG.042995-3.1,UFV.RS.MG.042995-3.01,UFV Hélio Valgas 5,Conj. Helio Valgas,1,7/11/2023 0:00
132_Hélio Valgas 6,132,Hélio Valgas 6,UFVRSMG042996-1-01,MG,8/5/2023,50000,50000,42996,Operação,-44.80338333,-17.50235833,UFV.RS.MG.042996-1.1,UFV.RS.MG.042996-1.01,UFV Hélio Valgas 6,Conj. Helio Valgas,1,7/11/2023 0:00
133_Hélio Valgas 7,133,Hélio Valgas 7,UFVRSMG042997-0-01,MG,8/5/2023,50000,50000,42997,Operação,-44.81794445,-17.49737222,UFV.RS.MG.042997-0.1,UFV.RS.MG.042997-0.01,UFV Hélio Valgas 7,Conj. Helio Valgas,1,7/11/2023 0:00
134_Hélio Valgas 8,134,Hélio Valgas 8,UFVRSMG042998-8-01,MG,8/10/2023,50000,50000,42998,Operação,-44.80840833,-17.49043611,UFV.RS.MG.042998-8.1,UFV.RS.MG.042998-8.01,UFV Hélio Valgas 8,Conj. Helio Valgas,1,7/11/2023 0:00
135_Hélio Valgas 9,135,Hélio Valgas 9,UFVRSMG042999-6-01,MG,8/10/2023,50000,50000,42999,Operação,-44.79283889,-17.494075,UFV.RS.MG.042999-6.1,UFV.RS.MG.042999-6.01,UFV Hélio Valgas 9,Conj. Helio Valgas,1,7/11/2023 0:00
136_Ituverava 1,136,Ituverava 1,UFVRSBA032316-0-01,BA,8/5/2017,28000,28000,32316,Operação,-44.10687778,-12.587325,UFV.RS.BA.032316-0.1,UFV.RS.BA.032316-0.01,UFV Ituverava 1,Conj. Ituverava,1,6/3/2017 0:00
137_Ituverava 2,137,Ituverava 2,UFVRSBA032317-9-01,BA,11/28/2017,28000,28000,32317,Operação,-44.10463611,-12.5926,UFV.RS.BA.032317-9.1,UFV.RS.BA.032317-9.01,UFV Ituverava 2,Conj. Ituverava,1,6/3/2017 0:00
138_Ituverava 3,138,Ituverava 3,UFVRSBA032318-7-01,BA,11/4/2017,28000,28000,32318,Operação,-44.09953352,-12.59339422,UFV.RS.BA.032318-7.1,UFV.RS.BA.032318-7.01,UFV Ituverava 3,Conj. Ituverava,1,6/3/2017 0:00
139_Ituverava 4,139,Ituverava 4,UFVRSBA032319-5-01,BA,12/23/2017,28000,28000,32319,Operação,-44.10378056,-12.59896667,UFV.RS.BA.032319-5.1,UFV.RS.BA.032319-5.01,UFV Ituverava 4,Conj. Ituverava,1,7/22/2017 0:00
140_Ituverava 5,140,Ituverava 5,UFVRSBA032320-9-01,BA,12/23/2017,28000,28000,32320,Operação,-44.10414738,-12.60149459,UFV.RS.BA.032320-9.1,UFV.RS.BA.032320-9.01,UFV Ituverava 5,Conj. Ituverava,1,6/30/2017 0:00
141_Ituverava 6,141,Ituverava 6,UFVRSBA032321-7-01,BA,12/23/2017,28000,28000,32321,Operação,-44.09329167,-12.60346111,UFV.RS.BA.032321-7.1,UFV.RS.BA.032321-7.01,UFV Ituverava 6,Conj. Ituverava,1,6/30/2017 0:00
142_Ituverava 7,142,Ituverava 7,UFVRSBA032322-5-01,BA,12/29/2017,28000,28000,32322,Operação,-44.11575,-12.60423611,UFV.RS.BA.032322-5.1,UFV.RS.BA.032322-5.01,UFV Ituverava 7,Conj. Ituverava,1,7/22/2017 0:00
143_Janaúba 1,143,Janaúba 1,UFVRSMG040857-3-01,MG,7/30/2022,51450,51450,40857,Operação,-43.47683611,-15.92110556,UFV.RS.MG.040857-3.1,UFV.RS.MG.040857-3.01,UFV Janaúba 1,Conjunto Fotovoltaico Janaúba,1,6/11/2022 0:00
144_Janaúba 10,144,Janaúba 10,UFVRSMG040866-2-01,MG,10/25/2022,51450,51450,40866,Operação,-43.53094167,-15.96068333,UFV.RS.MG.040866-2.1,UFV.RS.MG.040866-2.01,UFV Janaúba 10,Conjunto Fotovoltaico Janaúba,1,9/10/2022 0:00
145_Janaúba 11,145,Janaúba 11,UFVRSMG040867-0-01,MG,10/25/2022,51450,51450,40867,Operação,-43.54688889,-15.96415,UFV.RS.MG.040867-0.1,UFV.RS.MG.040867-0.01,UFV Janaúba 11,Conjunto Fotovoltaico Janaúba,1,9/29/2022 0:00
146_Janaúba 12,146,Janaúba 12,UFVRSMG040868-9-01,MG,8/26/2022,51450,51450,40868,Operação,-43.50355555,-15.93676389,UFV.RS.MG.040868-9.1,UFV.RS.MG.040868-9.01,UFV Janaúba 12,Conjunto Fotovoltaico Janaúba,1,7/29/2022 0:00
147_Janaúba 13,147,Janaúba 13,UFVRSMG040869-7-01,MG,9/10/2022,50000,50000,40869,Operação,-43.52501389,-15.93896389,UFV.RS.MG.040869-7.1,UFV.RS.MG.040869-7.01,UFV Janaúba 13,Conjunto Fotovoltaico Janaúba,1,8/24/2022 0:00
148_Janaúba 14,148,Janaúba 14,UFVRSMG040870-0-01,MG,9/13/2022,51450,51450,40870,Operação,-43.51805556,-15.94684722,UFV.RS.MG.040870-0.1,UFV.RS.MG.040870-0.01,UFV Janaúba 14,Conjunto Fotovoltaico Janaúba,1,8/24/2022 0:00
149_Janaúba 15,149,Janaúba 15,UFVRSMG040871-9-01,MG,2/28/2023,50000,50000,40871,Operação,-43.5274,-15.94928889,UFV.RS.MG.040871-9.1,UFV.RS.MG.040871-9.01,UFV Janaúba 15,Conjunto Fotovoltaico Janaúba,1,1/12/2023 0:00
150_Janaúba 16,150,Janaúba 16,UFVRSMG040872-7-01,MG,3/10/2023,50000,50000,40872,Operação,-43.53976666,-15.941025,UFV.RS.MG.040872-7.1,UFV.RS.MG.040872-7.01,UFV Janaúba 16,Conjunto Fotovoltaico Janaúba,1,1/27/2023 0:00
151_Janaúba 17,151,Janaúba 17,UFVRSMG040873-5-01,MG,2/28/2023,50000,50000,40873,Operação,-43.54649167,-15.91896944,UFV.RS.MG.040873-5.1,UFV.RS.MG.040873-5.01,UFV Janaúba 17,Conjunto Fotovoltaico Janaúba,1,1/19/2023 0:00
152_Janaúba 18,152,Janaúba 18,UFVRSMG040874-3-01,MG,5/31/2023,50000,49999.32,40874,Operação,-43.53449722,-15.92294722,UFV.RS.MG.040874-3.1,UFV.RS.MG.040874-3.01,UFV Janaúba 18,Conjunto Fotovoltaico Janaúba,1,3/15/2023 0:00
153_Janaúba 19,153,Janaúba 19,UFVRSMG040875-1-01,MG,3/24/2023,50000,50000,40875,Operação,-43.52173333,-15.91762222,UFV.RS.MG.040875-1.1,UFV.RS.MG.040875-1.01,UFV Janaúba 19,Conjunto Fotovoltaico Janaúba,1,3/1/2023 0:00
154_Janaúba 2,154,Janaúba 2,UFVRSMG040858-1-01,MG,8/10/2022,51450,51450,40858,Operação,-43.469025,-15.92482222,UFV.RS.MG.040858-1.1,UFV.RS.MG.040858-1.01,UFV Janaúba 2,Conjunto Fotovoltaico Janaúba,1,7/15/2022 0:00
155_Janaúba 20,155,Janaúba 20,UFVRSMG040876-0-01,MG,4/18/2023,50000,50000,40876,Operação,-43.50762777,-15.91333056,UFV.RS.MG.040876-0.1,UFV.RS.MG.040876-0.01,UFV Janaúba 20,Conjunto Fotovoltaico Janaúba,1,3/4/2023 0:00
156_Janaúba 3,156,Janaúba 3,UFVRSMG040859-0-01,MG,7/30/2022,51450,51450,40859,Operação,-43.47671944,-15.93401944,UFV.RS.MG.040859-0.1,UFV.RS.MG.040859-0.01,UFV Janaúba 3,Conjunto Fotovoltaico Janaúba,1,6/22/2022 0:00
157_Janaúba 4,157,Janaúba 4,UFVRSMG040860-3-01,MG,7/30/2022,51450,51450,40860,Operação,-43.49198056,-15.94311667,UFV.RS.MG.040860-3.1,UFV.RS.MG.040860-3.01,UFV Janaúba 4,Conjunto Fotovoltaico Janaúba,1,6/22/2022 0:00
158_Janaúba 5,158,Janaúba 5,UFVRSMG040861-1-01,MG,10/4/2022,51450,51450,40861,Operação,-43.50180833,-15.94876389,UFV.RS.MG.040861-1.1,UFV.RS.MG.040861-1.01,UFV Janaúba 5,Conjunto Fotovoltaico Janaúba,1,9/9/2022 0:00
159_Janaúba 6,159,Janaúba 6,UFVRSMG040862-0-01,MG,9/28/2022,51450,51450,40862,Operação,-43.50110278,-15.95475278,UFV.RS.MG.040862-0.1,UFV.RS.MG.040862-0.01,UFV Janaúba 6,Conjunto Fotovoltaico Janaúba,1,9/3/2022 0:00
160_Janaúba 7,160,Janaúba 7,UFVRSMG040863-8-01,MG,9/22/2022,51450,51450,40863,Operação,-43.50518056,-15.97050278,UFV.RS.MG.040863-8.1,UFV.RS.MG.040863-8.01,UFV Janaúba 7,Conjunto Fotovoltaico Janaúba,1,9/3/2022 0:00
161_Janaúba 8,161,Janaúba 8,UFVRSMG040864-6-01,MG,9/6/2022,51450,51450,40864,Operação,-43.51428611,-15.97275,UFV.RS.MG.040864-6.1,UFV.RS.MG.040864-6.01,UFV Janaúba 8,Conjunto Fotovoltaico Janaúba,1,8/4/2022 0:00
162_Janaúba 9,162,Janaúba 9,UFVRSMG040865-4-01,MG,8/23/2022,51450,51450,40865,Operação,-43.51833056,-15.96121111,UFV.RS.MG.040865-4.1,UFV.RS.MG.040865-4.01,UFV Janaúba 9,Conjunto Fotovoltaico Janaúba,1,7/26/2022 0:00
163_Jaíba 3,163,Jaíba 3,UFVRSMG034392-7-01,MG,8/31/2021,33000,33000,34392,Operação,-43.62999999,-15.34972222,UFV.RS.MG.034392-7.1,UFV.RS.MG.034392-7.01,UFV Jaíba 3,Conj. Jaíba,1,6/29/2021 0:00
164_Jaíba 4,164,Jaíba 4,UFVRSMG034394-3-01,MG,8/31/2021,33000,33000,34394,Operação,-43.62722222,-15.34194445,UFV.RS.MG.034394-3.1,UFV.RS.MG.034394-3.01,UFV Jaíba 4,Conj. Jaíba,1,6/29/2021 0:00
165_Jaíba 9,165,Jaíba 9,UFVRSMG035805-3-01,MG,8/31/2021,22500,22500,35805,Operação,-43.61888161,-15.35138889,UFV.RS.MG.035805-3.1,UFV.RS.MG.035805-3.01,UFV Jaíba 9,Conj. Jaíba,1,6/23/2021 0:00
166_Jaíba CO,166,Jaíba CO,UFVRSMG043151-6-01,MG,3/13/2024,40000,16123.64,43151,Operação,-43.64209166,-15.31813056,UFV.RS.MG.043151-6.1,UFV.RS.MG.043151-6.01,UFV Jaíba CO,Conj. Jaiba V,1,1/3/2024 0:00
167_Jaíba NO2,167,Jaíba NO2,UFVRSMG043153-2-01,MG,3/2/2024,40000,16124,43153,Operação,-43.6407,-15.3083,UFV.RS.MG.043153-2.1,UFV.RS.MG.043153-2.01,UFV Jaíba NO2,Conj. Jaiba V,1,12/27/2023 0:00
168_Jaíba SE1,168,Jaíba SE1,UFVRSMG043162-1-01,MG,6/2/2023,40000,39999.96,43162,Operação,-43.61865278,-15.32997778,UFV.RS.MG.043162-1.1,UFV.RS.MG.043162-1.01,UFV Jaíba SE1,Conj. Jaíba,1,5/5/2023 0:00
169_Jaíba SO,169,Jaíba SO,UFVRSMG043156-7-01,MG,,40000,0,43156,Operação,-43.64000292,-15.32845816,UFV.RS.MG.043156-7.1,UFV.RS.MG.043156-7.01,UFV Jaíba SO,Conj. Jaiba V,1,1/24/2024 0:00
170_Juazeiro Solar I,170,Juazeiro Solar I,UFVRSBA033928-8-01,BA,12/12/2018,30000,30000,33928,Operação,-40.48784622,-9.531902906,UFV.RS.BA.033928-8.1,UFV.RS.BA.033928-8.01,UFV Juazeiro Solar I,Conj. Juazeiro Solar,1,12/11/2018 0:00
171_Juazeiro Solar II,171,Juazeiro Solar II,UFVRSBA033929-6-01,BA,12/18/2018,30000,30000,33929,Operação,-40.48784622,-9.531902906,UFV.RS.BA.033929-6.1,UFV.RS.BA.033929-6.01,UFV Juazeiro Solar II,Conj. Juazeiro Solar,1,12/11/2018 0:00
172_Juazeiro Solar III,172,Juazeiro Solar III,UFVRSBA033930-0-01,BA,12/13/2018,30000,30000,33930,Operação,-40.48784622,-9.531902906,UFV.RS.BA.033930-0.1,UFV.RS.BA.033930-0.01,UFV Juazeiro Solar III,Conj. Juazeiro Solar,1,11/24/2018 0:00
173_Juazeiro Solar IV,173,Juazeiro Solar IV,UFVRSBA033931-8-01,BA,12/19/2018,30000,30000,33931,Operação,-40.48784622,-9.531902906,UFV.RS.BA.033931-8.1,UFV.RS.BA.033931-8.01,UFV Juazeiro Solar IV,Conj. Juazeiro Solar,1,11/24/2018 0:00
174_Juazeiro V,174,Juazeiro V,UFVRSBA043284-9-01,BA,10/28/2021,47292,47292,43284,Operação,-40.48113611,-9.526405556,UFV.RS.BA.043284-9.1,UFV.RS.BA.043284-9.01,UFV Juazeiro V,Conj. Juazeiro Solar 2,1,9/11/2021 0:00
175_Juazeiro VI,175,Juazeiro VI,UFVRSBA043285-7-01,BA,12/23/2021,47292,47292,43285,Operação,-40.46548889,-9.521558333,UFV.RS.BA.043285-7.1,UFV.RS.BA.043285-7.01,UFV Juazeiro VI,Conj. Juazeiro Solar 2,1,11/23/2021 0:00
176_Juazeiro VII,176,Juazeiro VII,UFVRSBA043286-5-01,BA,11/12/2021,47292,47292,43286,Operação,-40.486125,-9.536022222,UFV.RS.BA.043286-5.1,UFV.RS.BA.043286-5.01,UFV Juazeiro VII,Conj. Juazeiro Solar 2,1,9/25/2021 0:00
177_Juazeiro VIII,177,Juazeiro VIII,UFVRSBA044754-4-01,BA,11/12/2021,15201,15201,44754,Operação,-40.47781944,-9.545425,UFV.RS.BA.044754-4.1,UFV.RS.BA.044754-4.01,UFV Juazeiro VIII,Conj. Juazeiro Solar 2,1,10/9/2021 0:00
178_Lapa 2,178,Lapa 2,UFVRSBA034437-0-01,BA,6/30/2017,30000,30000,34437,Operação,-43.35921667,-13.31869731,UFV.RS.BA.034437-0.1,UFV.RS.BA.034437-0.01,UFV Lapa 2,Conj. Lapa,1,5/18/2017 0:00
179_Lapa 3,179,Lapa 3,UFVRSBA034333-1-01,BA,6/30/2017,30000,30000,34333,Operação,-43.36821103,-13.32012498,UFV.RS.BA.034333-1.1,UFV.RS.BA.034333-1.01,UFV Lapa 3,Conj. Lapa,1,5/18/2017 0:00
180_Lar do Sol 1 (Antiga Leo Silveira 1),180,Lar do Sol 1 (Antiga Leo Silveira 1),UFVRSMG037830-5-01,MG,9/7/2022,49500,49500,37830,Operação,-44.88218889,-17.36182778,UFV.RS.MG.037830-5.1,UFV.RS.MG.037830-5.01,UFV Lar do Sol 1,Conj. Lar do Sol,1,7/29/2022 0:00
181_Lar do Sol 10 (Antiga Leo Silveira 10),181,Lar do Sol 10 (Antiga Leo Silveira 10),UFVRSMG037839-9-01,MG,9/28/2022,49500,49500,37839,Operação,-44.89722222,-17.34277778,UFV.RS.MG.037839-9.1,UFV.RS.MG.037839-9.01,UFV Lar do Sol 10,Conj. Lar do Sol,1,9/2/2022 0:00
182_Lar do Sol 2 (Antiga Léo Silveira 2),182,Lar do Sol 2 (Antiga Léo Silveira 2),UFVRSMG037831-3-01,MG,10/20/2022,49500,49500,37831,Operação,-44.87386943,-17.35747777,UFV.RS.MG.037831-3.1,UFV.RS.MG.037831-3.01,UFV Lar do Sol 2,Conj. Lar do Sol,1,9/1/2022 0:00
183_Lar do Sol 3 (Antiga Leo Silveira 3),183,Lar do Sol 3 (Antiga Leo Silveira 3),UFVRSMG037832-1-01,MG,3/14/2023,49500,49500,37832,Operação,-44.92365,-17.37134444,UFV.RS.MG.037832-1.1,UFV.RS.MG.037832-1.01,UFV Lar do Sol 3,Conj. Lar do Sol,1,12/15/2022 0:00
184_Lar do Sol 4 (Antiga Leo Silveira 4),184,Lar do Sol 4 (Antiga Leo Silveira 4),UFVRSMG037833-0-01,MG,3/14/2023,49500,49500,37833,Operação,-44.91820278,-17.37696944,UFV.RS.MG.037833-0.1,UFV.RS.MG.037833-0.01,UFV Lar do Sol 4,Conj. Lar do Sol,1,12/23/2022 0:00
185_Lar do Sol 5 (Antiga Leo Silveira 5),185,Lar do Sol 5 (Antiga Leo Silveira 5),UFVRSMG037834-8-01,MG,4/12/2023,49500,49500,37834,Operação,-44.91971666,-17.37585,UFV.RS.MG.037834-8.1,UFV.RS.MG.037834-8.01,UFV Lar do Sol 5,Conj. Lar do Sol,1,3/16/2023 0:00
186_Lar do Sol 6 (Antiga Leo Silveira 6),186,Lar do Sol 6 (Antiga Leo Silveira 6),UFVRSMG037835-6-01,MG,4/12/2023,49500,49500,37835,Operação,-44.92624722,-17.44087778,UFV.RS.MG.037835-6.1,UFV.RS.MG.037835-6.01,UFV Lar do Sol 6,Conj. Lar do Sol,1,3/16/2023 0:00
187_Lar do Sol 7 (Antiga Leo Silveira 7),187,Lar do Sol 7 (Antiga Leo Silveira 7),UFVRSMG037836-4-01,MG,9/6/2022,49500,49500,37836,Operação,-44.860625,-17.34605278,UFV.RS.MG.037836-4.1,UFV.RS.MG.037836-4.01,UFV Lar do Sol 7,Conj. Lar do Sol,1,7/29/2022 0:00
188_Lar do Sol 8 (Antiga Leo Silveira 8),188,Lar do Sol 8 (Antiga Leo Silveira 8),UFVRSMG037837-2-01,MG,11/17/2022,49500,49500,37837,Operação,-44.86916667,-17.33138889,UFV.RS.MG.037837-2.1,UFV.RS.MG.037837-2.01,UFV Lar do Sol 8,Conj. Lar do Sol,1,10/20/2022 0:00
189_Lar do Sol 9 (Antiga Leo Silveira 9),189,Lar do Sol 9 (Antiga Leo Silveira 9),UFVRSMG037838-0-01,MG,10/26/2022,49500,49500,37838,Operação,-44.87805556,-17.34888888,UFV.RS.MG.037838-0.1,UFV.RS.MG.037838-0.01,UFV Lar do Sol 9,Conj. Lar do Sol,1,10/8/2022 0:00
190_Lavras 1,190,Lavras 1,UFVRSCE037865-8-01,CE,7/29/2022,27000,27000,37865,Operação,-38.91821865,-3.792375,UFV.RS.CE.037865-8.1,UFV.RS.CE.037865-8.01,UFV Lavras 1,Conj. Lavras,1,6/1/2022 0:00
191_Lavras 2,191,Lavras 2,UFVRSCE037866-6-01,CE,7/29/2022,27000,27000,37866,Operação,-38.91820913,-3.795116667,UFV.RS.CE.037866-6.1,UFV.RS.CE.037866-6.01,UFV Lavras 2,Conj. Lavras,1,6/1/2022 0:00
192_Lavras 3,192,Lavras 3,UFVRSCE037867-4-01,CE,7/29/2022,27000,27000,37867,Operação,-38.91820913,-3.797858333,UFV.RS.CE.037867-4.1,UFV.RS.CE.037867-4.01,UFV Lavras 3,Conj. Lavras,1,6/1/2022 0:00
193_Lavras 4,193,Lavras 4,UFVRSCE037868-2-01,CE,7/29/2022,27000,27000,37868,Operação,-38.91820913,-3.8006,UFV.RS.CE.037868-2.1,UFV.RS.CE.037868-2.01,UFV Lavras 4,Conj. Lavras,1,6/1/2022 0:00
194_Lavras 5,194,Lavras 5,UFVRSCE037869-0-01,CE,7/29/2022,27000,27000,37869,Operação,-38.91821587,-3.803329371,UFV.RS.CE.037869-0.1,UFV.RS.CE.037869-0.01,UFV Lavras 5,Conj. Lavras,1,6/1/2022 0:00
195_Lavras 6,195,Lavras 6,UFVRSCE037870-4-01,CE,8/12/2022,26000,26000,37870,Operação,-38.92007778,-3.806080556,UFV.RS.CE.037870-4.1,UFV.RS.CE.037870-4.01,UFV Lavras 6,Conj. Lavras,1,7/12/2022 0:00
196_Lavras 7,196,Lavras 7,UFVRSCE037871-2-01,CE,8/12/2022,20000,20000,37871,Operação,-38.93750278,-3.804988889,UFV.RS.CE.037871-2.1,UFV.RS.CE.037871-2.01,UFV Lavras 7,Conj. Lavras,1,7/12/2022 0:00
197_Lavras 8,197,Lavras 8,UFVRSCE037872-0-01,CE,8/12/2022,20000,20000,37872,Operação,-38.93563889,-3.799397222,UFV.RS.CE.037872-0.1,UFV.RS.CE.037872-0.01,UFV Lavras 8,Conj. Lavras,1,7/12/2022 0:00
198_Luzia 2,198,Luzia 2,UFVRSPB044469-3-01,PB,9/16/2022,58932,52384,44469,Operação,-36.92888056,-6.831925,UFV.RS.PB.044469-3.1,UFV.RS.PB.044469-3.01,UFV Luzia 2,Conj. Luzia,1,8/31/2022 0:00
199_Luzia 3,199,Luzia 3,UFVRSPB044470-7-01,PB,7/6/2022,58932,58932,44470,Operação,-36.92991389,-6.845705553,UFV.RS.PB.044470-7.1,UFV.RS.PB.044470-7.01,UFV Luzia 3,Conj. Luzia,1,8/16/2022 0:00
200_Mendubim I,200,Mendubim I,UFVRSRN037749-0-01,RN,2/8/2024,34500,34500,37749,Operação,-37.06109722,-5.645841667,UFV.RS.RN.037749-0.1,UFV.RS.RN.037749-0.01,UFV Mendubim I,Conj. Fotov. Acu III 230KV,1,12/28/2023 0:00
201_Mendubim II,201,Mendubim II,UFVRSRN037750-3-01,RN,2/8/2024,46000,46000,37750,Operação,-37.05913611,-5.641313889,UFV.RS.RN.037750-3.1,UFV.RS.RN.037750-3.01,UFV Mendubim II,Conj. Fotov. Acu III 230KV,1,12/28/2023 0:00
202_Mendubim III,202,Mendubim III,UFVRSRN037751-1-01,RN,2/8/2024,37375,37375,37751,Operação,-37.06234722,-5.637075,UFV.RS.RN.037751-1.1,UFV.RS.RN.037751-1.01,UFV Mendubim III,Conj. Fotov. Acu III 230KV,1,12/28/2023 0:00
203_Mendubim IV,203,Mendubim IV,UFVRSRN037752-0-01,RN,2/8/2024,31625,31625.44,37752,Operação,-37.04814167,-5.641875,UFV.RS.RN.037752-0.1,UFV.RS.RN.037752-0.01,UFV Mendubim IV,Conj. Fotov. Acu III 230KV,1,12/28/2023 0:00
204_Mendubim IX,204,Mendubim IX,UFVRSRN037770-8-01,RN,2/8/2024,40250,40250,37770,Operação,-37.05547222,-5.624963889,UFV.RS.RN.037770-8.1,UFV.RS.RN.037770-8.01,UFV Mendubim IX,Conj. Fotov. Acu III 230KV,1,12/21/2023 0:00
205_Mendubim V,205,Mendubim V,UFVRSRN037753-8-01,RN,2/8/2024,22240,22240,37753,Operação,-37.03155,-5.632994444,UFV.RS.RN.037753-8.1,UFV.RS.RN.037753-8.01,UFV Mendubim V,Conj. Fotov. Acu III 230KV,1,12/30/2023 0:00
206_Mendubim VI,206,Mendubim VI,UFVRSRN037754-6-01,RN,3/8/2024,30580,30580,37754,Operação,-37.02864722,-5.626177778,UFV.RS.RN.037754-6.1,UFV.RS.RN.037754-6.01,UFV Mendubim VI,Conj. Fotov. Acu III 230KV,1,1/26/2024 0:00
207_Mendubim VII,207,Mendubim VII,UFVRSRN037755-4-01,RN,2/8/2024,36140,36140,37755,Operação,-37.02588333,-5.619025,UFV.RS.RN.037755-4.1,UFV.RS.RN.037755-4.01,UFV Mendubim VII,Conj. Fotov. Acu III 230KV,1,12/30/2023 0:00
208_Mendubim VIII,208,Mendubim VIII,UFVRSRN037769-4-01,RN,2/8/2024,33360,33360,37769,Operação,-37.02410278,-5.611866667,UFV.RS.RN.037769-4.1,UFV.RS.RN.037769-4.01,UFV Mendubim VIII,Conj. Fotov. Acu III 230KV,1,12/29/2023 0:00
209_Mendubim XI,209,Mendubim XI,UFVRSRN037772-4-01,RN,2/8/2024,46000,46000,37772,Operação,-37.05666111,-5.631786111,UFV.RS.RN.037772-4.1,UFV.RS.RN.037772-4.01,UFV Mendubim XI,Conj. Fotov. Acu III 230KV,1,12/21/2023 0:00
210_Mendubim XII,210,Mendubim XII,UFVRSRN037773-2-01,RN,2/8/2024,22240,22240,37773,Operação,-37.04075833,-5.618172222,UFV.RS.RN.037773-2.1,UFV.RS.RN.037773-2.01,UFV Mendubim XII,Conj. Fotov. Acu III 230KV,1,12/30/2023 0:00
211_Mendubim XIII,211,Mendubim XIII,UFVRSRN037774-0-01,RN,2/8/2024,41700,41700,37774,Operação,-37.04758889,-5.628980556,UFV.RS.RN.037774-0.1,UFV.RS.RN.037774-0.01,UFV Mendubim XIII,Conj. Fotov. Acu III 230KV,1,12/30/2023 0:00
212_Milagres I,212,Milagres I,UFVRSCE044573-8-01,CE,12/13/2023,32740,32740,44573,Operação,-38.99855028,-7.381828329,UFV.RS.CE.044573-8.1,UFV.RS.CE.044573-8.01,UFV Milagres I,Conj. Fotovoltaico Abaiara 230 kV,1,11/21/2023 0:00
213_Milagres II,213,Milagres II,UFVRSCE044574-6-01,CE,12/19/2023,32740,32740.2,44574,Operação,-38.98819302,-7.385916759,UFV.RS.CE.044574-6.1,UFV.RS.CE.044574-6.01,UFV Milagres II,Conj. Fotovoltaico Abaiara 230 kV,1,11/21/2023 0:00
214_Milagres III,214,Milagres III,UFVRSCE044575-4-01,CE,12/20/2023,32740,32740,44575,Operação,-38.99026794,-7.389046613,UFV.RS.CE.044575-4.1,UFV.RS.CE.044575-4.01,UFV Milagres III,Conj. Fotovoltaico Abaiara 230 kV,1,11/21/2023 0:00
215_Milagres IV,215,Milagres IV,UFVRSCE044579-7-01,CE,12/20/2023,32740,32740,44579,Operação,-38.97683,-7.384179537,UFV.RS.CE.044579-7.1,UFV.RS.CE.044579-7.01,UFV Milagres IV,Conj. Fotovoltaico Abaiara 230 kV,1,11/21/2023 0:00
216_Milagres V,216,Milagres V,UFVRSCE044576-2-01,CE,12/20/2023,32740,32740,44576,Operação,-38.98107952,-7.390593218,UFV.RS.CE.044576-2.1,UFV.RS.CE.044576-2.01,UFV Milagres V,Conj. Fotovoltaico Abaiara 230 kV,1,11/21/2023 0:00
217_Monte Verde Solar II,217,Monte Verde Solar II,UFVRSRN045154-1-01,RN,3/7/2024,42471.13,42417.13,45154,Operação,-36.21864611,-5.427128889,UFV.RS.RN.045154-1.1,UFV.RS.RN.045154-1.01,UFV Monte Verde Solar II,Conj. Monte Verde Solar,1,12/15/2023 0:00
218_Monte Verde Solar III,218,Monte Verde Solar III,UFVRSRN045155-0-01,RN,3/7/2024,42471.13,42471.13,45155,Operação,-36.21874611,-5.416758056,UFV.RS.RN.045155-0.1,UFV.RS.RN.045155-0.01,UFV Monte Verde Solar III,Conj. Monte Verde Solar,1,12/16/2023 0:00
219_Nova Olinda 10,219,Nova Olinda 10,UFVRSPI033129-5-01,PI,12/9/2017,30000,30000,33129,Operação,-42.55956272,-8.194121593,UFV.RS.PI.033129-5.1,UFV.RS.PI.033129-5.01,UFV Nova Olinda 10,Conj. Nova Olinda,1,9/11/2017 0:00
220_Nova Olinda 11,220,Nova Olinda 11,UFVRSPI033130-9-01,PI,12/9/2017,30000,30000,33130,Operação,-42.56426133,-8.189791012,UFV.RS.PI.033130-9.1,UFV.RS.PI.033130-9.01,UFV Nova Olinda 11,Conj. Nova Olinda,1,9/11/2017 0:00
221_Nova Olinda 12,221,Nova Olinda 12,UFVRSPI033131-7-01,PI,12/9/2017,30000,30000,33131,Operação,-42.5608908,-8.179951526,UFV.RS.PI.033131-7.1,UFV.RS.PI.033131-7.01,UFV Nova Olinda 12,Conj. Nova Olinda,1,9/11/2017 0:00
222_Nova Olinda 13,222,Nova Olinda 13,UFVRSPI033132-5-01,PI,12/9/2017,30000,30000,33132,Operação,-42.61272,-7.927219996,UFV.RS.PI.033132-5.1,UFV.RS.PI.033132-5.01,UFV Nova Olinda 13,Conj. Nova Olinda,1,9/11/2017 0:00
223_Nova Olinda 14,223,Nova Olinda 14,UFVRSPI033133-3-01,PI,12/9/2017,30000,30000,33133,Operação,-42.56388283,-8.177437754,UFV.RS.PI.033133-3.1,UFV.RS.PI.033133-3.01,UFV Nova Olinda 14,Conj. Nova Olinda,1,9/11/2017 0:00
224_Nova Olinda 8,224,Nova Olinda 8,UFVRSPI033127-9-01,PI,12/9/2017,30000,30000,33127,Operação,-42.53943004,-8.209607429,UFV.RS.PI.033127-9.1,UFV.RS.PI.033127-9.01,UFV Nova Olinda 8,Conj. Nova Olinda,1,9/11/2017 0:00
225_Nova Olinda 9,225,Nova Olinda 9,UFVRSPI033128-7-01,PI,12/9/2017,30000,30000,33128,Operação,-42.53818101,-8.216531218,UFV.RS.PI.033128-7.1,UFV.RS.PI.033128-7.01,UFV Nova Olinda 9,Conj. Nova Olinda,1,9/11/2017 0:00
226_Panatí 1,226,Panatí 1,UFVRSCE038389-9-01,CE,1/25/2024,30000,30000,38389,Operação,-38.82318611,-5.325883332,UFV.RS.CE.038389-9.1,UFV.RS.CE.038389-9.01,UFV Panatí 1,Conj. Banabuiu,1,11/29/2023 0:00
227_Panatí 3,227,Panatí 3,UFVRSCE038392-9-01,CE,1/25/2024,30000,30000,38392,Operação,-38.81440833,-5.334844445,UFV.RS.CE.038392-9.1,UFV.RS.CE.038392-9.01,UFV Panatí 3,Conj. Banabuiu,1,12/1/2023 0:00
228_Panatí 4,228,Panatí 4,UFVRSCE038393-7-01,CE,1/25/2024,30000,30000,38393,Operação,-38.815875,-5.339983331,UFV.RS.CE.038393-7.1,UFV.RS.CE.038393-7.01,UFV Panatí 4,Conj. Banabuiu,1,12/1/2023 0:00
229_Panatí 5,229,Panatí 5,UFVRSCE038394-5-01,CE,1/25/2024,30000,30000,38394,Operação,-38.807275,-5.339008336,UFV.RS.CE.038394-5.1,UFV.RS.CE.038394-5.01,UFV Panatí 5,Conj. Banabuiu,1,12/1/2023 0:00
230_Panatí 6,230,Panatí 6,UFVRSCE038395-3-01,CE,2/2/2024,30000,30000,38395,Operação,-38.80689444,-5.345674998,UFV.RS.CE.038395-3.1,UFV.RS.CE.038395-3.01,UFV Panatí 6,Conj. Banabuiu,1,12/23/2023 0:00
231_Paracatu 1,231,Paracatu 1,UFVRSMG033999-7-01,MG,1/9/2019,33000,33000,33999,Operação,-47.0891553,-17.21342159,UFV.RS.MG.033999-7.1,UFV.RS.MG.033999-7.01,UFV Paracatu 1,Conj. Paracatu,1,11/17/2018 0:00
232_Paracatu 2,232,Paracatu 2,UFVRSMG034000-6-01,MG,2/9/2019,33000,33000,34000,Operação,-47.09220028,-17.22013817,UFV.RS.MG.034000-6.1,UFV.RS.MG.034000-6.01,UFV Paracatu 2,Conj. Paracatu,1,11/17/2018 0:00
233_Paracatu 3,233,Paracatu 3,UFVRSMG033990-3-01,MG,1/9/2019,33000,33000,33990,Operação,-47.09223811,-17.22026771,UFV.RS.MG.033990-3.1,UFV.RS.MG.033990-3.01,UFV Paracatu 3,Conj. Paracatu,1,11/17/2018 0:00
234_Paracatu 4,234,Paracatu 4,UFVRSMG033991-1-01,MG,1/9/2019,33000,33000,33991,Operação,-47.08718807,-17.2238503,UFV.RS.MG.033991-1.1,UFV.RS.MG.033991-1.01,UFV Paracatu 4,Conj. Paracatu,1,11/17/2018 0:00
235_Pedranópolis 1,235,Pedranópolis 1,UFVRSSP034358-7-01,SP,11/10/2022,30000,30000,34358,Operação,-50.04071389,-20.19463333,UFV.RS.SP.034358-7.1,UFV.RS.SP.034358-7.01,UFV Pedranópolis 1,Conj. Pedranópolis,1,10/8/2022 0:00
236_Pedranópolis 2,236,Pedranópolis 2,UFVRSSP034359-5-01,SP,11/17/2022,30000,30000,34359,Operação,-50.04839167,-20.19298056,UFV.RS.SP.034359-5.1,UFV.RS.SP.034359-5.01,UFV Pedranópolis 2,Conj. Pedranópolis,1,10/8/2022 0:00
237_Pedranópolis 3,237,Pedranópolis 3,UFVRSSP034360-9-01,SP,11/10/2022,30000,30000,34360,Operação,-50.03453333,-20.19849444,UFV.RS.SP.034360-9.1,UFV.RS.SP.034360-9.01,UFV Pedranópolis 3,Conj. Pedranópolis,1,10/8/2022 0:00
238_Pereira Barreto I,238,Pereira Barreto I,UFVRSSP034361-7-01,SP,10/15/2021,41895,41895,34361,Operação,-51.302895,-20.627834,UFV.RS.SP.034361-7.1,UFV.RS.SP.034361-7.01,UFV Pereira Barreto I,Conj. Pereira Barreto,1,7/9/2021 0:00
239_Pereira Barreto II,239,Pereira Barreto II,UFVRSSP034362-5-01,SP,10/15/2021,41895,41895,34362,Operação,-51.2915445,-20.625035,UFV.RS.SP.034362-5.1,UFV.RS.SP.034362-5.01,UFV Pereira Barreto II,Conj. Pereira Barreto,1,7/9/2021 0:00
240_Pereira Barreto III,240,Pereira Barreto III,UFVRSSP034363-3-01,SP,10/15/2021,41895,41895,34363,Operação,-51.29579525,-20.619428,UFV.RS.SP.034363-3.1,UFV.RS.SP.034363-3.01,UFV Pereira Barreto III,Conj. Pereira Barreto,1,7/9/2021 0:00
241_Pereira Barreto IV,241,Pereira Barreto IV,UFVRSSP034364-1-01,SP,10/15/2021,41895,41895,34364,Operação,-51.29196411,-20.613537,UFV.RS.SP.034364-1.1,UFV.RS.SP.034364-1.01,UFV Pereira Barreto IV,Conj. Pereira Barreto,1,7/9/2021 0:00
242_Pereira Barreto V,242,Pereira Barreto V,UFVRSSP034365-0-01,SP,11/20/2021,35910,35910,34365,Operação,-51.29577483,-20.608851,UFV.RS.SP.034365-0.1,UFV.RS.SP.034365-0.01,UFV Pereira Barreto V,Conj. Pereira Barreto,1,7/9/2021 0:00
243_Pirapora 10,243,Pirapora 10,UFVRSMG033193-7-01,MG,9/26/2017,31000,31000,33193,Operação,-44.91860534,-17.40679108,UFV.RS.MG.033193-7.1,UFV.RS.MG.033193-7.01,UFV Pirapora 10,Conj. Pirapora 2,1,8/18/2017 0:00
244_Pirapora 2,244,Pirapora 2,UFVRSMG033185-6-01,MG,5/18/2016,31000,31000,33185,Operação,-44.87355101,-17.40864908,UFV.RS.MG.033185-6.1,UFV.RS.MG.033185-6.01,UFV Pirapora 2,Conj. Pirapora 2,1,4/24/2018 0:00
245_Pirapora 3,245,Pirapora 3,UFVRSMG033186-4-01,MG,5/4/2018,31000,31000,33186,Operação,-44.88544361,-17.40866353,UFV.RS.MG.033186-4.1,UFV.RS.MG.033186-4.01,UFV Pirapora 3,Conj. Pirapora 2,1,4/7/2018 0:00
246_Pirapora 4,246,Pirapora 4,UFVRSMG033187-2-01,MG,5/4/2018,31000,31000,33187,Operação,-44.88544386,-17.40866363,UFV.RS.MG.033187-2.1,UFV.RS.MG.033187-2.01,UFV Pirapora 4,Conj. Pirapora 2,1,4/7/2018 0:00
247_Pirapora 5,247,Pirapora 5,UFVRSMG033188-0-01,MG,9/26/2017,31000,31000,33188,Operação,-44.88972752,-17.40865727,UFV.RS.MG.033188-0.1,UFV.RS.MG.033188-0.01,UFV Pirapora 5,Conj. Pirapora 2,1,8/19/2017 0:00
248_Pirapora 6,248,Pirapora 6,UFVRSMG033189-9-01,MG,10/6/2017,31000,31000,33189,Operação,-44.89613029,-17.40844374,UFV.RS.MG.033189-9.1,UFV.RS.MG.033189-9.01,UFV Pirapora 6,Conj. Pirapora 2,1,8/18/2017 0:00
249_Pirapora 7,249,Pirapora 7,UFVRSMG033190-2-01,MG,9/26/2017,31000,31000,33190,Operação,-44.90148739,-17.40819296,UFV.RS.MG.033190-2.1,UFV.RS.MG.033190-2.01,UFV Pirapora 7,Conj. Pirapora 2,1,8/18/2017 0:00
250_Pirapora 9,250,Pirapora 9,UFVRSMG033192-9-01,MG,9/26/2017,31000,31000,33192,Operação,-44.91220205,-17.40765554,UFV.RS.MG.033192-9.1,UFV.RS.MG.033192-9.01,UFV Pirapora 9,Conj. Pirapora 2,1,8/18/2017 0:00
251_Pitombeira,251,Pitombeira,UFVRSCE034037-5-01,CE,2/16/2024,47250,47250,34037,Operação,-37.64212222,-4.600983328,UFV.RS.CE.034037-5.1,UFV.RS.CE.034037-5.01,UFV Pitombeira,UFV Pitombeira,1,12/15/2023 0:00
252_Serra do Mato III,252,Serra do Mato III,UFVRSCE044495-2-01,CE,5/26/2023,47362,47362,44495,Operação,-39.37533333,-3.319213892,UFV.RS.CE.044495-2.1,UFV.RS.CE.044495-2.01,UFV Serra do Mato III,Conj. Serra do Mato,1,2/15/2023 0:00
253_Serra do Mato IV,253,Serra do Mato IV,UFVRSCE044496-0-01,CE,7/6/2023,54128,54128,44496,Operação,-39.39400278,-3.314719449,UFV.RS.CE.044496-0.1,UFV.RS.CE.044496-0.01,UFV Serra do Mato IV,Conj. Serra do Mato,1,6/15/2023 0:00
254_Serra do Mel I,254,Serra do Mel I,UFVRSRN037811-9-01,RN,5/25/2022,137480,137480,37811,Operação,-37.03030611,-5.121555278,UFV.RS.RN.037811-9.1,UFV.RS.RN.037811-9.01,UFV Serra do Mel I,Conj. Serra do Mel C,1,10/20/2022 0:00
255_Serra do Mel I,255,Serra do Mel I,UFVRSRN037811-9-01,RN,5/25/2022,137480,137480,37811,Operação,-37.03030611,-5.121555278,UFV.RS.RN.037811-9.1,UFV.RS.RN.037811-9.01,UFV Serra do Mel I,Conj. Serra do Mel C,1,10/20/2022 0:00
256_Serra do Mel II,256,Serra do Mel II,UFVRSRN037812-7-01,RN,6/10/2022,103110,103110,37812,Operação,-37.02087333,-5.121824444,UFV.RS.RN.037812-7.1,UFV.RS.RN.037812-7.01,UFV Serra do Mel II,Conj. Serra do Mel C,1,9/6/2022 0:00
257_Serra do Mel II,257,Serra do Mel II,UFVRSRN037812-7-01,RN,6/10/2022,103110,103110,37812,Operação,-37.02087333,-5.121824444,UFV.RS.RN.037812-7.1,UFV.RS.RN.037812-7.01,UFV Serra do Mel II,Conj. Serra do Mel C,1,9/6/2022 0:00
258_Serra do Mel VII,258,Serra do Mel VII,UFVRSRN047422-3-01,RN,10/10/2023,48118,48118,47422,Operação,-37.12639722,-5.256794444,UFV.RS.RN.047422-3.1,UFV.RS.RN.047422-3.01,UFV Serra do Mel V,Conj. Serra do Mel C,1,8/9/2023 0:00
259_Serra do Mel VIII,259,Serra do Mel VIII,UFVRSRN047423-1-01,RN,10/11/2023,48118,48118,47423,Operação,-37.12715278,-5.277955556,UFV.RS.RN.047423-1.1,UFV.RS.RN.047423-1.01,UFV Serra do Mel VI,Conj. Serra do Mel C,1,8/26/2023 0:00
260_Sertão Solar Barreiras I,260,Sertão Solar Barreiras I,UFVRSBA033469-3-01,BA,11/29/2019,23660,23660,33469,Operação,-45.07217652,-12.032015,UFV.RS.BA.033469-3.1,UFV.RS.BA.033469-3.01,UFV Sertão Solar Barreiras I,Conjunto Fotovoltaico Sertão Solar Barreiras,1,11/1/2019 0:00
261_Sertão Solar Barreiras II,261,Sertão Solar Barreiras II,UFVRSBA033470-7-01,BA,11/29/2019,23660,23660,33470,Operação,-45.07066889,-12.03487949,UFV.RS.BA.033470-7.1,UFV.RS.BA.033470-7.01,UFV Sertão Solar Barreiras II,Conjunto Fotovoltaico Sertão Solar Barreiras,1,11/1/2019 0:00
262_Sertão Solar Barreiras III,262,Sertão Solar Barreiras III,UFVRSBA033471-5-01,BA,11/29/2019,23660,23660,33471,Operação,-45.06931202,-12.03789474,UFV.RS.BA.033471-5.1,UFV.RS.BA.033471-5.01,UFV Sertão Solar Barreiras III,Conjunto Fotovoltaico Sertão Solar Barreiras,1,11/1/2019 0:00
263_Sertão Solar Barreiras IV,263,Sertão Solar Barreiras IV,UFVRSBA033473-1-01,BA,11/29/2019,23660,23660,33473,Operação,-45.0702166,-12.04920194,UFV.RS.BA.033473-1.1,UFV.RS.BA.033473-1.01,UFV Sertão Solar Barreiras IV,Conjunto Fotovoltaico Sertão Solar Barreiras,1,11/1/2019 0:00
264_Sitiá 1,264,Sitiá 1,UFVRSCE038396-1-01,CE,2/2/2024,25000,25000,38396,Operação,-38.80109166,-5.347427779,UFV.RS.CE.038396-1.1,UFV.RS.CE.038396-1.01,UFV Sitiá 1,Conj. Banabuiu,1,12/23/2023 0:00
265_Sitiá 2,265,Sitiá 2,UFVRSCE038397-0-01,CE,2/2/2024,25000,25000,38397,Operação,-38.79637777,-5.349355551,UFV.RS.CE.038397-0.1,UFV.RS.CE.038397-0.01,UFV Sitiá 2,Conj. Banabuiu,1,12/23/2023 0:00
266_Sol do Piauí,266,Sol do Piauí,UFVRSPI046552-6-01,PI,1/3/2024,48118,48118,46552,Operação,-40.61032777,-8.015008335,UFV.RS.PI.046552-6.1,UFV.RS.PI.046552-6.01,UFV Sol do Piauí,UFV Sol do Piauí,1,11/1/2023 0:00
267_Sol do Sertão VIII,267,Sol do Sertão VIII,UFVRSBA032066-8-01,BA,9/1/2021,95245.89,95245.89,32066,Operação,-42.62378611,-12.31885,UFV.RS.BA.032066-8.1,UFV.RS.BA.032066-8.01,UFV Sol do Sertão VIII,Conj. Sol do Sertão,1,7/17/2021 0:00
268_Sol do Sertão XII,268,Sol do Sertão XII,UFVRSBA032050-1-01,BA,10/16/2021,54426.22,54426.22,32050,Operação,-42.61910278,-12.31173611,UFV.RS.BA.032050-1.1,UFV.RS.BA.032050-1.01,UFV Sol do Sertão XII,Conj. Sol do Sertão,1,9/11/2021 0:00
269_Sol do Sertão XIII,269,Sol do Sertão XIII,UFVRSBA032052-8-01,BA,8/21/2021,74836.06,74836.06,32052,Operação,-42.62808333,-12.32500833,UFV.RS.BA.032052-8.1,UFV.RS.BA.032052-8.01,UFV Sol do Sertão XIII,Conj. Sol do Sertão,1,7/17/2021 0:00
270_Sol do Sertão XIV,270,Sol do Sertão XIV,UFVRSBA032065-0-01,BA,10/19/2021,20409.83,20409.83,32065,Operação,-42.63796111,-12.32802222,UFV.RS.BA.032065-0.1,UFV.RS.BA.032065-0.01,UFV Sol do Sertão XIV,Conj. Sol do Sertão,1,9/28/2021 0:00
271_Sol do Sertão XXXV,271,Sol do Sertão XXXV,UFVRSBA032049-8-01,BA,8/21/2021,27213.11,27213.11,32049,Operação,-42.62414167,-12.32529722,UFV.RS.BA.032049-8.1,UFV.RS.BA.032049-8.01,UFV Sol do Sertão XXXV,Conj. Sol do Sertão,1,7/17/2021 0:00
272_Sol do Sertão XXXVI,272,Sol do Sertão XXXVI,UFVRSBA032067-6-01,BA,8/21/2021,40819.67,40819.67,32067,Operação,-42.61340833,-12.32483056,UFV.RS.BA.032067-6.1,UFV.RS.BA.032067-6.01,UFV Sol do Sertão XXXVI,Conj. Sol do Sertão,1,7/17/2021 0:00
273_Solar Serra do Mel IX,273,Solar Serra do Mel IX,UFVRSRN047424-0-01,RN,8/15/2023,48118,48118.64,47424,Operação,-37.125575,-5.278841667,UFV.RS.RN.047424-0.1,UFV.RS.RN.047424-0.01,UFV Serra do Mel III,Conj. Serra do Mel C,1,6/28/2023 0:00
274_Solar Serra do Mel X,274,Solar Serra do Mel X,UFVRSRN047425-8-01,RN,8/15/2023,48118,48118.64,47425,Operação,-37.11958611,-5.283361111,UFV.RS.RN.047425-8.1,UFV.RS.RN.047425-8.01,UFV Serra do Mel IV,Conj. Serra do Mel C,1,7/1/2023 0:00
275_Steelcons Sol do Futuro I (Antiga Steelcons Miracema 1),275,Steelcons Sol do Futuro I (Antiga Steelcons Miracema 1),UFVRSCE034745-0-02,CE,3/2/2019,27000,27000,34745,Operação,-38.39498032,-3.95533317,UFV.RS.CE.034745-0.2,UFV.RS.CE.034745-0.02,UFV Sol do Futuro I,Conj. Sol do Futuro,0,2/15/2019 0:00
276_Steelcons Sol do Futuro II (Antiga Steelcons Miracema 2),276,Steelcons Sol do Futuro II (Antiga Steelcons Miracema 2),UFVRSCE034746-9-02,CE,3/2/2019,27000,27000,34746,Operação,-38.39764342,-3.962121661,UFV.RS.CE.034746-9.2,UFV.RS.CE.034746-9.02,UFV Sol do Futuro II,Conj. Sol do Futuro,0,2/15/2019 0:00
277_Steelcons Sol do Futuro III (Antiga Steelcons Miracema 3),277,Steelcons Sol do Futuro III (Antiga Steelcons Miracema 3),UFVRSCE034747-7-02,CE,3/2/2019,27000,27000,34747,Operação,-38.39392043,-3.969387223,UFV.RS.CE.034747-7.2,UFV.RS.CE.034747-7.02,UFV Sol do Futuro III,Conj. Sol do Futuro,0,2/15/2019 0:00
278_São Gonçalo 1,278,São Gonçalo 1,UFVRSPI033841-9-01,PI,2/22/2020,45680,45680,33841,Operação,-45.26435939,-10.09157393,UFV.RS.PI.033841-9.1,UFV.RS.PI.033841-9.01,UFV São Gonçalo 1,Conj. São Gonçalo,1,11/29/2019 0:00
279_São Gonçalo 10,279,São Gonçalo 10,UFVRSPI037577-2-01,PI,5/1/2020,50000,50000,37577,Operação,-45.29150844,-10.11292229,UFV.RS.PI.037577-2.1,UFV.RS.PI.037577-2.01,UFV São Gonçalo 10,Conj. São Gonçalo,1,2/13/2020 0:00
280_São Gonçalo 11,280,São Gonçalo 11,UFVRSPI037578-0-01,PI,12/22/2020,34542,34542,37578,Operação,-45.28870851,-10.12340106,UFV.RS.PI.037578-0.1,UFV.RS.PI.037578-0.01,UFV São Gonçalo 11,Conj. São Gonçalo,1,8/15/2020 0:00
281_São Gonçalo 12,281,São Gonçalo 12,UFVRSPI037579-9-01,PI,12/22/2020,34542,34542,37579,Operação,-45.28457101,-10.12027211,UFV.RS.PI.037579-9.1,UFV.RS.PI.037579-9.01,UFV São Gonçalo 12,Conj. São Gonçalo,1,8/25/2020 0:00
282_São Gonçalo 14,282,São Gonçalo 14,UFVRSPI037581-0-01,PI,3/25/2022,43032,0,37581,Operação,-45.27917116,-10.11092466,UFV.RS.PI.037581-0.1,UFV.RS.PI.037581-0.01,UFV São Gonçalo 14,Conj. São Gonçalo A,1,7/1/2021 0:00
283_São Gonçalo 15,283,São Gonçalo 15,UFVRSPI037582-9-01,PI,3/25/2022,43032,0,37582,Operação,-45.26591389,-10.11174166,UFV.RS.PI.037582-9.1,UFV.RS.PI.037582-9.01,UFV São Gonçalo 15,Conj. São Gonçalo A,1,9/14/2021 0:00
284_São Gonçalo 17,284,São Gonçalo 17,UFVRSPI037584-5-01,PI,3/19/2022,43032,43032,37584,Operação,-45.27381111,-10.11607778,UFV.RS.PI.037584-5.1,UFV.RS.PI.037584-5.01,UFV São Gonçalo 17,Conj. São Gonçalo A,1,5/10/2022 0:00
285_São Gonçalo 18,285,São Gonçalo 18,UFVRSPI037585-3-01,PI,4/1/2022,43032,43032,37585,Operação,-45.26997222,-10.10696389,UFV.RS.PI.037585-3.1,UFV.RS.PI.037585-3.01,UFV São Gonçalo 18,Conj. São Gonçalo A,1,5/11/2021 0:00
286_São Gonçalo 19,286,São Gonçalo 19,UFVRSPI037586-1-01,PI,8/3/2022,43032,43032,37586,Operação,-45.28104444,-10.119,UFV.RS.PI.037586-1.1,UFV.RS.PI.037586-1.01,UFV São Gonçalo 19,Conj. São Gonçalo A,1,6/9/2022 0:00
287_São Gonçalo 2,287,São Gonçalo 2,UFVRSPI033842-7-01,PI,2/22/2020,50000,50000,33842,Operação,-45.27442388,-10.09650699,UFV.RS.PI.033842-7.1,UFV.RS.PI.033842-7.01,UFV São Gonçalo 2,Conj. São Gonçalo,1,12/18/2019 0:00
288_São Gonçalo 21,288,São Gonçalo 21,UFVRSPI037588-8-01,PI,2/22/2020,50000,50000,37588,Operação,-45.27883872,-10.10576231,UFV.RS.PI.037588-8.1,UFV.RS.PI.037588-8.01,UFV São Gonçalo 21,Conj. São Gonçalo,1,12/20/2019 0:00
289_São Gonçalo 22,289,São Gonçalo 22,UFVRSPI037589-6-01,PI,2/28/2020,50000,50000,37589,Operação,-45.26296568,-10.09799634,UFV.RS.PI.037589-6.1,UFV.RS.PI.037589-6.01,UFV São Gonçalo 22,Conj. São Gonçalo,1,11/29/2019 0:00
290_São Gonçalo 3,290,São Gonçalo 3,UFVRSPI033843-5-01,PI,4/2/2020,45680,45680,33843,Operação,-45.28151119,-10.09910259,UFV.RS.PI.033843-5.1,UFV.RS.PI.033843-5.01,UFV São Gonçalo 3,Conj. São Gonçalo,1,1/4/2020 0:00
291_São Gonçalo 4,291,São Gonçalo 4,UFVRSPI033844-3-01,PI,5/21/2020,50000,50000,33844,Operação,-45.29693667,-10.12049778,UFV.RS.PI.033844-3.1,UFV.RS.PI.033844-3.01,UFV São Gonçalo 4,Conj. São Gonçalo,1,2/1/2020 0:00
292_São Gonçalo 5,292,São Gonçalo 5,UFVRSPI033845-1-01,PI,10/14/2020,50000,50000,33845,Operação,-45.29966364,-10.10765279,UFV.RS.PI.033845-1.1,UFV.RS.PI.033845-1.01,UFV São Gonçalo 5,Conj. São Gonçalo,1,3/24/2020 0:00
293_São Gonçalo 6,293,São Gonçalo 6,UFVRSPI033846-0-01,PI,10/14/2020,45680,0,33846,Operação,-45.3006,-10.11463333,UFV.RS.PI.033846-0.1,UFV.RS.PI.033846-0.01,UFV São Gonçalo 6,Conj. São Gonçalo,1,4/2/2020 0:00
294_São Gonçalo 7,294,São Gonçalo 7,UFVRSPI033847-8-01,PI,12/11/2020,34542,34542,33847,Operação,-45.29846483,-10.12844053,UFV.RS.PI.033847-8.1,UFV.RS.PI.033847-8.01,UFV São Gonçalo 7,Conj. São Gonçalo,1,6/20/2020 0:00
295_São Gonçalo 8,295,São Gonçalo 8,UFVRSPI033849-4-01,PI,12/22/2020,34542,34542,33849,Operação,-45.29311667,-10.12342778,UFV.RS.PI.033849-4.1,UFV.RS.PI.033849-4.01,UFV São Gonçalo 8,Conj. São Gonçalo,1,7/8/2020 0:00
296_São João 1,296,São João 1,UFVRSMG047281-6-01,MG,11/29/2023,30000,30000,47281,Operação,-47.08553056,-17.23225833,UFV.RS.MG.047281-6.1,UFV.RS.MG.047281-6.01,UFV São João 1,Conj. Paracatu,1,11/9/2023 0:00
297_São João 2,297,São João 2,UFVRSMG047282-4-01,MG,11/29/2023,30000,30000,47282,Operação,-47.07767778,-17.24033611,UFV.RS.MG.047282-4.1,UFV.RS.MG.047282-4.01,UFV São João 2,Conj. Paracatu,1,11/9/2023 0:00
298_São João 3,298,São João 3,UFVRSMG047283-2-01,MG,11/29/2023,30000,30000,47283,Operação,-47.07030833,-17.24388889,UFV.RS.MG.047283-2.1,UFV.RS.MG.047283-2.01,UFV São João 3,Conj. Paracatu,1,11/9/2023 0:00
299_São João 4,299,São João 4,UFVRSMG047284-0-01,MG,11/29/2023,30000,30000,47284,Operação,-47.063575,-17.24554999,UFV.RS.MG.047284-0.1,UFV.RS.MG.047284-0.01,UFV São João 4,Conj. Paracatu,1,11/9/2023 0:00
300_São João 5,300,São João 5,UFVRSMG047285-9-01,MG,11/29/2023,30000,30000,47285,Operação,-47.05753333,-17.245025,UFV.RS.MG.047285-9.1,UFV.RS.MG.047285-9.01,UFV São João 5,Conj. Paracatu,1,11/9/2023 0:00
301_São João 6,301,São João 6,UFVRSMG047286-7-01,MG,11/29/2023,30000,30000,47286,Operação,-47.04981111,-17.24464167,UFV.RS.MG.047286-7.1,UFV.RS.MG.047286-7.01,UFV São João 6,Conj. Paracatu,1,11/9/2023 0:00
302_São João 7,302,São João 7,UFVRSMG047287-5-01,MG,11/29/2023,30000,30000,47287,Operação,-47.04863889,-17.23891667,UFV.RS.MG.047287-5.1,UFV.RS.MG.047287-5.01,UFV São João 7,Conj. Paracatu,1,11/9/2023 0:00
303_São Pedro II,303,São Pedro II,UFVRSBA033782-0-01,BA,11/8/2018,27000,27000,33782,Operação,-43.29514073,-13.32273116,UFV.RS.BA.033782-0.1,UFV.RS.BA.033782-0.01,UFV São Pedro II,Conj. São Pedro,1,8/30/2018 0:00
304_São Pedro IV,304,São Pedro IV,UFVRSBA033784-6-01,BA,11/8/2018,27000,27000,33784,Operação,-43.29514073,-13.32273116,UFV.RS.BA.033784-6.1,UFV.RS.BA.033784-6.01,UFV São Pedro IV,Conj. São Pedro,1,8/30/2018 0:00
305_Terra do Sol VII,305,Terra do Sol VII,UFVRSBA032053-6-01,BA,10/19/2021,54426.22,54426.22,32053,Operação,-42.61841389,-12.31478612,UFV.RS.BA.032053-6.1,UFV.RS.BA.032053-6.01,UFV Terra do Sol VII,Conj. Sol do Sertão,1,9/11/2021 0:00
306_Terra do Sol XI,306,Terra do Sol XI,UFVRSBA032059-5-01,BA,8/21/2021,47622.95,47622.95,32059,Operação,-42.60540833,-12.31738611,UFV.RS.BA.032059-5.1,UFV.RS.BA.032059-5.01,UFV Terra do Sol XI,Conj. Sol do Sertão,1,7/17/2021 0:00
307_Vazante 1,307,Vazante 1,UFVRSMG032339-0-01,MG,12/16/2017,27000,27000,32339,Operação,-44.8870214,-17.40524846,UFV.RS.MG.032339-0.1,UFV.RS.MG.032339-0.01,UFV Vazante 1,Conj. Pirapora 2,0,11/9/2017 0:00
308_Vazante 2,308,Vazante 2,UFVRSMG032340-3-01,MG,12/7/2017,27000,27000,32340,Operação,-44.9095913,-17.41431283,UFV.RS.MG.032340-3.1,UFV.RS.MG.032340-3.01,UFV Vazante 2,Conj. Pirapora 2,0,11/9/2017 0:00
309_Vazante 3,309,Vazante 3,UFVRSMG032341-1-01,MG,12/7/2017,27000,27000,32341,Operação,-44.91539358,-17.40762336,UFV.RS.MG.032341-1.1,UFV.RS.MG.032341-1.01,UFV Vazante 3,Conj. Pirapora 2,0,11/9/2017 0:00
310_Xaxado 1,310,Xaxado 1,UFVRSPE034405-2-01,PE,4/1/2023,32000.06,32000.6,34405,Operação,-38.6225,-7.979722221,UFV.RS.PE.034405-2.1,UFV.RS.PE.034405-2.01,UFV Xaxado 1,Conj. Ciranda,1,3/1/2023 0:00
311_Xaxado 2,311,Xaxado 2,UFVRSPE034406-0-01,PE,4/4/2023,32000.06,32000.6,34406,Operação,-38.61916666,-7.971666667,UFV.RS.PE.034406-0.1,UFV.RS.PE.034406-0.01,UFV Xaxado 2,Conj. Ciranda,1,3/1/2023 0:00
312_Xaxado 3,312,Xaxado 3,UFVRSPE034407-9-01,PE,4/15/2023,32000.06,32000.06,34407,Operação,-38.60888889,-7.97555556,UFV.RS.PE.034407-9.1,UFV.RS.PE.034407-9.01,UFV Xaxado 3,Conj. Ciranda,1,3/1/2023 0:00
313_Água Vermelha IV,313,Água Vermelha IV,UFVRSSP034206-8-01,SP,11/29/2019,15200,15200,34206,Operação,-50.38202221,-19.88391425,UFV.RS.SP.034206-8.1,UFV.RS.SP.034206-8.01,UFV Água Vermelha IV,Conj. Boa Hora,1,10/4/2019 0:00
314_Água Vermelha V,314,Água Vermelha V,UFVRSSP034207-6-01,SP,11/29/2019,30400,30400,34207,Operação,-50.37763459,-19.87547918,UFV.RS.SP.034207-6.1,UFV.RS.SP.034207-6.01,UFV Água Vermelha V,Conj. Boa Hora,1,10/4/2019 0:00
315_Água Vermelha VI,315,Água Vermelha VI,UFVRSSP034208-4-01,SP,11/29/2019,30400,30400,34208,Operação,-50.3787922,-19.86618809,UFV.RS.SP.034208-4.1,UFV.RS.SP.034208-4.01,UFV Água Vermelha VI,Conj. Boa Hora,1,10/4/2019 0:00
